OrderID,Stage,Location,StageStart,StageEnd
1001,Receive,N/A,2024-01-01 08:00:00,2024-01-01 16:00:00
1001,WH_MAIN,WH_MAIN,2024-01-01 16:00:00,2024-01-02 08:00:00
1001,WH_SUB,K3,2024-01-02 08:00:00,2024-01-03 15:00:00
1001,Delivery,Customer,2024-01-03 15:00:00,2024-01-07 05:00:00
1002,Receive,N/A,2024-01-29 08:00:00,2024-01-29 12:00:00
1002,WH_MAIN,WH_MAIN,2024-01-29 12:00:00,2024-01-30 04:00:00
1002,WH_SUB,K2,2024-01-30 04:00:00,2024-02-01 03:00:00
1002,Delivery,Customer,2024-02-01 03:00:00,2024-02-04 18:00:00
1003,Receive,N/A,2024-01-12 08:00:00,2024-01-12 17:00:00
1003,WH_MAIN,WH_MAIN,2024-01-12 17:00:00,2024-01-13 03:00:00
1003,WH_SUB,K1,2024-01-13 03:00:00,2024-01-14 04:00:00
1003,Delivery,Customer,2024-01-14 04:00:00,2024-01-17 09:00:00
1004,Receive,N/A,2024-01-11 08:00:00,2024-01-11 15:00:00
1004,WH_MAIN,WH_MAIN,2024-01-11 15:00:00,2024-01-12 08:00:00
1004,WH_SUB,K1,2024-01-12 08:00:00,2024-01-14 04:00:00
1004,Delivery,Customer,2024-01-14 04:00:00,2024-01-17 01:00:00
1005,Receive,N/A,2024-01-11 08:00:00,2024-01-11 18:00:00
1005,WH_MAIN,WH_MAIN,2024-01-11 18:00:00,2024-01-12 10:00:00
1005,WH_SUB,K1,2024-01-12 10:00:00,2024-01-15 03:00:00
1005,Delivery,Customer,2024-01-15 03:00:00,2024-01-17 18:00:00
1006,Receive,N/A,2024-01-02 08:00:00,2024-01-02 12:00:00
1006,WH_MAIN,WH_MAIN,2024-01-02 12:00:00,2024-01-02 21:00:00
1006,WH_SUB,K3,2024-01-02 21:00:00,2024-01-03 23:00:00
1006,Delivery,Customer,2024-01-03 23:00:00,2024-01-06 05:00:00
1007,Receive,N/A,2024-01-10 08:00:00,2024-01-10 14:00:00
1007,WH_MAIN,WH_MAIN,2024-01-10 14:00:00,2024-01-10 21:00:00
1007,WH_SUB,K3,2024-01-10 21:00:00,2024-01-12 00:00:00
1008,Receive,N/A,2024-01-23 08:00:00,2024-01-23 11:00:00
1008,WH_MAIN,WH_MAIN,2024-01-23 11:00:00,2024-01-24 02:00:00
1008,WH_SUB,K1,2024-01-24 02:00:00,2024-01-25 03:00:00
1008,Delivery,Customer,2024-01-25 03:00:00,2024-01-29 01:00:00
1009,Receive,N/A,2024-01-28 08:00:00,2024-01-28 16:00:00
1009,WH_MAIN,WH_MAIN,2024-01-28 16:00:00,2024-01-29 05:00:00
1009,WH_SUB,K1,2024-01-29 05:00:00,2024-02-01 03:00:00
1009,Delivery,Customer,2024-02-01 03:00:00,2024-02-03 19:00:00
1010,Receive,N/A,2024-01-14 08:00:00,2024-01-14 13:00:00
1010,WH_MAIN,WH_MAIN,2024-01-14 13:00:00,2024-01-14 22:00:00
1010,WH_SUB,K1,2024-01-14 22:00:00,2024-01-15 23:00:00
1010,Delivery,Customer,2024-01-15 23:00:00,2024-01-19 16:00:00
1011,Receive,N/A,2024-01-11 08:00:00,2024-01-11 13:00:00
1011,WH_MAIN,WH_MAIN,2024-01-11 13:00:00,2024-01-11 20:00:00
1011,WH_SUB,K2,2024-01-11 20:00:00,2024-01-13 21:00:00
1011,Delivery,Customer,2024-01-13 21:00:00,2024-01-16 06:00:00
1012,Receive,N/A,2024-01-21 08:00:00,2024-01-21 13:00:00
1012,WH_MAIN,WH_MAIN,2024-01-21 13:00:00,2024-01-22 02:00:00
1012,WH_SUB,K2,2024-01-22 02:00:00,2024-01-23 15:00:00
1012,Delivery,Customer,2024-01-23 15:00:00,2024-01-27 06:00:00
1013,Receive,N/A,2024-01-01 08:00:00,2024-01-01 14:00:00
1013,WH_MAIN,WH_MAIN,2024-01-01 14:00:00,2024-01-01 21:00:00
1013,WH_SUB,K4,2024-01-01 21:00:00,2024-01-04 19:00:00
1013,Delivery,Customer,2024-01-04 19:00:00,2024-01-07 20:00:00
1014,Receive,N/A,2024-01-06 08:00:00,2024-01-06 18:00:00
1014,WH_MAIN,WH_MAIN,2024-01-06 18:00:00,2024-01-07 11:00:00
1014,WH_SUB,K1,2024-01-07 11:00:00,2024-01-10 07:00:00
1014,Delivery,Customer,2024-01-10 07:00:00,2024-01-12 21:00:00
1015,Receive,N/A,2024-01-05 08:00:00,2024-01-05 10:00:00
1015,WH_MAIN,WH_MAIN,2024-01-05 10:00:00,2024-01-06 00:00:00
1015,WH_SUB,K4,2024-01-06 00:00:00,2024-01-07 00:00:00
1015,Delivery,Customer,2024-01-07 00:00:00,2024-01-09 23:00:00
1016,Receive,N/A,2024-01-11 08:00:00,2024-01-11 12:00:00
1016,WH_MAIN,WH_MAIN,2024-01-11 12:00:00,2024-01-11 20:00:00
1016,WH_SUB,K3,2024-01-11 20:00:00,2024-01-14 06:00:00
1016,Delivery,Customer,2024-01-14 06:00:00,2024-01-16 10:00:00
1017,Receive,N/A,2024-01-27 08:00:00,2024-01-27 16:00:00
1017,WH_MAIN,WH_MAIN,2024-01-27 16:00:00,2024-01-28 09:00:00
1017,WH_SUB,K3,2024-01-28 09:00:00,2024-01-29 17:00:00
1017,Delivery,Customer,2024-01-29 17:00:00,2024-02-02 02:00:00
1018,Receive,N/A,2024-01-28 08:00:00,2024-01-28 10:00:00
1018,WH_MAIN,WH_MAIN,2024-01-28 10:00:00,2024-01-28 22:00:00
1018,WH_SUB,K1,2024-01-28 22:00:00,2024-01-30 21:00:00
1018,Delivery,Customer,2024-01-30 21:00:00,2024-02-03 16:00:00
1019,Receive,N/A,2024-01-19 08:00:00,2024-01-19 17:00:00
1019,WH_MAIN,WH_MAIN,2024-01-19 17:00:00,2024-01-20 01:00:00
1019,WH_SUB,K1,2024-01-20 01:00:00,2024-01-21 01:00:00
1019,Delivery,Customer,2024-01-21 01:00:00,2024-01-24 23:00:00
1020,Receive,N/A,2024-01-20 08:00:00,2024-01-20 12:00:00
1020,WH_MAIN,WH_MAIN,2024-01-20 12:00:00,2024-01-21 03:00:00
1020,WH_SUB,K3,2024-01-21 03:00:00,2024-01-22 16:00:00
1020,Delivery,Customer,2024-01-22 16:00:00,2024-01-25 00:00:00
1021,Receive,N/A,2024-01-04 08:00:00,2024-01-04 12:00:00
1021,WH_MAIN,WH_MAIN,2024-01-04 12:00:00,2024-01-05 00:00:00
1021,WH_SUB,K1,2024-01-05 00:00:00,2024-01-08 00:00:00
1021,Delivery,Customer,2024-01-08 00:00:00,2024-01-11 07:00:00
1022,Receive,N/A,2024-01-06 08:00:00,2024-01-06 13:00:00
1022,WH_MAIN,WH_MAIN,2024-01-06 13:00:00,2024-01-07 01:00:00
1022,WH_SUB,K1,2024-01-07 01:00:00,2024-01-09 15:00:00
1022,Delivery,Customer,2024-01-09 15:00:00,2024-01-13 09:00:00
1023,Receive,N/A,2024-01-11 08:00:00,2024-01-11 13:00:00
1023,WH_MAIN,WH_MAIN,2024-01-11 13:00:00,2024-01-12 01:00:00
1023,WH_SUB,K3,2024-01-12 01:00:00,2024-01-13 22:00:00
1023,Delivery,Customer,2024-01-13 22:00:00,2024-01-17 15:00:00
1024,Receive,N/A,2024-01-18 08:00:00,2024-01-18 18:00:00
1024,WH_MAIN,WH_MAIN,2024-01-18 18:00:00,2024-01-19 11:00:00
1024,WH_SUB,K2,2024-01-19 11:00:00,2024-01-21 14:00:00
1024,Delivery,Customer,2024-01-21 14:00:00,2024-01-24 09:00:00
1025,Receive,N/A,2024-01-04 08:00:00,2024-01-04 16:00:00
1025,WH_MAIN,WH_MAIN,2024-01-04 16:00:00,2024-01-05 04:00:00
1025,WH_SUB,K3,2024-01-05 04:00:00,2024-01-07 12:00:00
1025,Delivery,Customer,2024-01-07 12:00:00,2024-01-10 14:00:00
1026,Receive,N/A,2024-01-04 08:00:00,2024-01-04 18:00:00
1026,WH_MAIN,WH_MAIN,2024-01-04 18:00:00,2024-01-05 08:00:00
1026,WH_SUB,K2,2024-01-05 08:00:00,2024-01-06 10:00:00
1026,Delivery,Customer,2024-01-06 10:00:00,2024-01-08 17:00:00
1027,Receive,N/A,2024-01-25 08:00:00,2024-01-25 18:00:00
1027,WH_MAIN,WH_MAIN,2024-01-25 18:00:00,2024-01-26 00:00:00
1027,WH_SUB,K3,2024-01-26 00:00:00,2024-01-28 17:00:00
1027,Delivery,Customer,2024-01-28 17:00:00,2024-01-31 07:00:00
1028,Receive,N/A,2024-01-11 08:00:00,2024-01-11 15:00:00
1028,WH_MAIN,WH_MAIN,2024-01-11 15:00:00,2024-01-12 04:00:00
1028,WH_SUB,K4,2024-01-12 04:00:00,2024-01-14 20:00:00
1028,Delivery,Customer,2024-01-14 20:00:00,2024-01-18 20:00:00
1029,Receive,N/A,2024-01-10 08:00:00,2024-01-10 13:00:00
1029,WH_MAIN,WH_MAIN,2024-01-10 13:00:00,2024-01-11 01:00:00
1029,WH_SUB,K2,2024-01-11 01:00:00,2024-01-12 03:00:00
1029,Delivery,Customer,2024-01-12 03:00:00,2024-01-16 03:00:00
1030,Receive,N/A,2024-01-04 08:00:00,2024-01-04 17:00:00
1030,WH_MAIN,WH_MAIN,2024-01-04 17:00:00,2024-01-04 23:00:00
1030,WH_SUB,K3,2024-01-04 23:00:00,2024-01-06 00:00:00
1030,Delivery,Customer,2024-01-06 00:00:00,2024-01-08 22:00:00
1031,Receive,N/A,2024-01-25 08:00:00,2024-01-25 14:00:00
1031,WH_MAIN,WH_MAIN,2024-01-25 14:00:00,2024-01-25 20:00:00
1031,WH_SUB,K2,2024-01-25 20:00:00,2024-01-27 14:00:00
1031,Delivery,Customer,2024-01-27 14:00:00,2024-01-31 09:00:00
1032,Receive,N/A,2024-01-21 08:00:00,2024-01-21 15:00:00
1032,WH_MAIN,WH_MAIN,2024-01-21 15:00:00,2024-01-22 00:00:00
1032,WH_SUB,K2,2024-01-22 00:00:00,2024-01-23 10:00:00
1032,Delivery,Customer,2024-01-23 10:00:00,2024-01-26 02:00:00
1033,Receive,N/A,2024-01-22 08:00:00,2024-01-22 15:00:00
1033,WH_MAIN,WH_MAIN,2024-01-22 15:00:00,2024-01-23 00:00:00
1033,WH_SUB,K1,2024-01-23 00:00:00,2024-01-25 09:00:00
1033,Delivery,Customer,2024-01-25 09:00:00,2024-01-27 19:00:00
1034,Receive,N/A,2024-01-15 08:00:00,2024-01-15 10:00:00
1034,WH_MAIN,WH_MAIN,2024-01-15 10:00:00,2024-01-16 02:00:00
1034,WH_SUB,K3,2024-01-16 02:00:00,2024-01-17 07:00:00
1034,Delivery,Customer,2024-01-17 07:00:00,2024-01-19 09:00:00
1035,Receive,N/A,2024-01-24 08:00:00,2024-01-24 13:00:00
1035,WH_MAIN,WH_MAIN,2024-01-24 13:00:00,2024-01-24 22:00:00
1035,WH_SUB,K4,2024-01-24 22:00:00,2024-01-26 16:00:00
1035,Delivery,Customer,2024-01-26 16:00:00,2024-01-29 10:00:00
1036,Receive,N/A,2024-01-20 08:00:00,2024-01-20 13:00:00
1036,WH_MAIN,WH_MAIN,2024-01-20 13:00:00,2024-01-20 22:00:00
1036,WH_SUB,K1,2024-01-20 22:00:00,2024-01-23 14:00:00
1036,Delivery,Customer,2024-01-23 14:00:00,2024-01-27 04:00:00
1037,Receive,N/A,2024-01-10 08:00:00,2024-01-10 11:00:00
1037,WH_MAIN,WH_MAIN,2024-01-10 11:00:00,2024-01-11 03:00:00
1037,WH_SUB,K4,2024-01-11 03:00:00,2024-01-13 03:00:00
1037,Delivery,Customer,2024-01-13 03:00:00,2024-01-16 09:00:00
1038,Receive,N/A,2024-01-04 08:00:00,2024-01-04 12:00:00
1038,WH_MAIN,WH_MAIN,2024-01-04 12:00:00,2024-01-05 03:00:00
1038,WH_SUB,K2,2024-01-05 03:00:00,2024-01-08 02:00:00
1038,Delivery,Customer,2024-01-08 02:00:00,2024-01-12 02:00:00
1039,Receive,N/A,2024-01-12 08:00:00,2024-01-12 11:00:00
1040,Receive,N/A,2024-01-09 08:00:00,2024-01-09 14:00:00
1040,WH_MAIN,WH_MAIN,2024-01-09 14:00:00,2024-01-10 06:00:00
1040,WH_SUB,K1,2024-01-10 06:00:00,2024-01-11 14:00:00
1040,Delivery,Customer,2024-01-11 14:00:00,2024-01-14 08:00:00
1041,Receive,N/A,2024-01-29 08:00:00,2024-01-29 12:00:00
1041,WH_MAIN,WH_MAIN,2024-01-29 12:00:00,2024-01-29 23:00:00
1041,WH_SUB,K1,2024-01-29 23:00:00,2024-02-01 07:00:00
1041,Delivery,Customer,2024-02-01 07:00:00,2024-02-03 17:00:00
1042,Receive,N/A,2024-01-18 08:00:00,2024-01-18 10:00:00
1042,WH_MAIN,WH_MAIN,2024-01-18 10:00:00,2024-01-18 21:00:00
1042,WH_SUB,K3,2024-01-18 21:00:00,2024-01-21 12:00:00
1042,Delivery,Customer,2024-01-21 12:00:00,2024-01-24 22:00:00
1043,Receive,N/A,2024-01-18 08:00:00,2024-01-18 18:00:00
1043,WH_MAIN,WH_MAIN,2024-01-18 18:00:00,2024-01-19 12:00:00
1043,WH_SUB,K1,2024-01-19 12:00:00,2024-01-21 05:00:00
1043,Delivery,Customer,2024-01-21 05:00:00,2024-01-23 22:00:00
1044,Receive,N/A,2024-01-08 08:00:00,2024-01-08 11:00:00
1044,WH_MAIN,WH_MAIN,2024-01-08 11:00:00,2024-01-09 05:00:00
1044,WH_SUB,K1,2024-01-09 05:00:00,2024-01-11 16:00:00
1044,Delivery,Customer,2024-01-11 16:00:00,2024-01-15 00:00:00
1045,Receive,N/A,2024-01-30 08:00:00,2024-01-30 14:00:00
1045,WH_MAIN,WH_MAIN,2024-01-30 14:00:00,2024-01-31 03:00:00
1045,WH_SUB,K4,2024-01-31 03:00:00,2024-02-01 10:00:00
1045,Delivery,Customer,2024-02-01 10:00:00,2024-02-04 02:00:00
1046,Receive,N/A,2024-01-26 08:00:00,2024-01-26 10:00:00
1046,WH_MAIN,WH_MAIN,2024-01-26 10:00:00,2024-01-27 02:00:00
1046,WH_SUB,K1,2024-01-27 02:00:00,2024-01-28 23:00:00
1046,Delivery,Customer,2024-01-28 23:00:00,2024-02-01 20:00:00
1047,Receive,N/A,2024-01-03 08:00:00,2024-01-03 15:00:00
1048,Receive,N/A,2024-01-17 08:00:00,2024-01-17 12:00:00
1048,WH_MAIN,WH_MAIN,2024-01-17 12:00:00,2024-01-18 04:00:00
1048,WH_SUB,K3,2024-01-18 04:00:00,2024-01-20 06:00:00
1048,Delivery,Customer,2024-01-20 06:00:00,2024-01-23 11:00:00
1049,Receive,N/A,2024-01-22 08:00:00,2024-01-22 10:00:00
1049,WH_MAIN,WH_MAIN,2024-01-22 10:00:00,2024-01-22 16:00:00
1049,WH_SUB,K2,2024-01-22 16:00:00,2024-01-23 20:00:00
1049,Delivery,Customer,2024-01-23 20:00:00,2024-01-27 19:00:00
1050,Receive,N/A,2024-01-10 08:00:00,2024-01-10 12:00:00
1050,WH_MAIN,WH_MAIN,2024-01-10 12:00:00,2024-01-10 18:00:00
1050,WH_SUB,K4,2024-01-10 18:00:00,2024-01-12 10:00:00
1051,Receive,N/A,2024-01-26 08:00:00,2024-01-26 14:00:00
1051,WH_MAIN,WH_MAIN,2024-01-26 14:00:00,2024-01-27 07:00:00
1051,WH_SUB,K2,2024-01-27 07:00:00,2024-01-29 23:00:00
1052,Receive,N/A,2024-01-31 08:00:00,2024-01-31 10:00:00
1052,WH_MAIN,WH_MAIN,2024-01-31 10:00:00,2024-01-31 18:00:00
1052,WH_SUB,K2,2024-01-31 18:00:00,2024-02-03 02:00:00
1052,Delivery,Customer,2024-02-03 02:00:00,2024-02-05 22:00:00
1053,Receive,N/A,2024-01-07 08:00:00,2024-01-07 16:00:00
1053,WH_MAIN,WH_MAIN,2024-01-07 16:00:00,2024-01-08 00:00:00
1053,WH_SUB,K3,2024-01-08 00:00:00,2024-01-09 17:00:00
1053,Delivery,Customer,2024-01-09 17:00:00,2024-01-12 23:00:00
1054,Receive,N/A,2024-01-30 08:00:00,2024-01-30 15:00:00
1054,WH_MAIN,WH_MAIN,2024-01-30 15:00:00,2024-01-31 04:00:00
1054,WH_SUB,K4,2024-01-31 04:00:00,2024-02-03 01:00:00
1054,Delivery,Customer,2024-02-03 01:00:00,2024-02-06 08:00:00
1055,Receive,N/A,2024-01-14 08:00:00,2024-01-14 15:00:00
1055,WH_MAIN,WH_MAIN,2024-01-14 15:00:00,2024-01-15 07:00:00
1055,WH_SUB,K3,2024-01-15 07:00:00,2024-01-18 00:00:00
1055,Delivery,Customer,2024-01-18 00:00:00,2024-01-20 16:00:00
1056,Receive,N/A,2024-01-01 08:00:00,2024-01-01 17:00:00
1056,WH_MAIN,WH_MAIN,2024-01-01 17:00:00,2024-01-02 09:00:00
1056,WH_SUB,K1,2024-01-02 09:00:00,2024-01-05 08:00:00
1056,Delivery,Customer,2024-01-05 08:00:00,2024-01-09 01:00:00
1057,Receive,N/A,2024-01-06 08:00:00,2024-01-06 16:00:00
1057,WH_MAIN,WH_MAIN,2024-01-06 16:00:00,2024-01-06 23:00:00
1057,WH_SUB,K2,2024-01-06 23:00:00,2024-01-08 23:00:00
1057,Delivery,Customer,2024-01-08 23:00:00,2024-01-11 05:00:00
1058,Receive,N/A,2024-01-20 08:00:00,2024-01-20 18:00:00
1058,WH_MAIN,WH_MAIN,2024-01-20 18:00:00,2024-01-21 03:00:00
1058,WH_SUB,K3,2024-01-21 03:00:00,2024-01-22 03:00:00
1058,Delivery,Customer,2024-01-22 03:00:00,2024-01-26 00:00:00
1059,Receive,N/A,2024-01-23 08:00:00,2024-01-23 12:00:00
1059,WH_MAIN,WH_MAIN,2024-01-23 12:00:00,2024-01-24 05:00:00
1059,WH_SUB,K4,2024-01-24 05:00:00,2024-01-26 14:00:00
1059,Delivery,Customer,2024-01-26 14:00:00,2024-01-29 12:00:00
1060,Receive,N/A,2024-01-19 08:00:00,2024-01-19 15:00:00
1060,WH_MAIN,WH_MAIN,2024-01-19 15:00:00,2024-01-20 06:00:00
1060,WH_SUB,K1,2024-01-20 06:00:00,2024-01-22 03:00:00
1060,Delivery,Customer,2024-01-22 03:00:00,2024-01-25 00:00:00
1061,Receive,N/A,2024-01-08 08:00:00,2024-01-08 10:00:00
1061,WH_MAIN,WH_MAIN,2024-01-08 10:00:00,2024-01-08 21:00:00
1061,WH_SUB,K3,2024-01-08 21:00:00,2024-01-11 15:00:00
1061,Delivery,Customer,2024-01-11 15:00:00,2024-01-14 23:00:00
1062,Receive,N/A,2024-01-24 08:00:00,2024-01-24 17:00:00
1062,WH_MAIN,WH_MAIN,2024-01-24 17:00:00,2024-01-25 10:00:00
1062,WH_SUB,K4,2024-01-25 10:00:00,2024-01-28 05:00:00
1062,Delivery,Customer,2024-01-28 05:00:00,2024-01-30 08:00:00
1063,Receive,N/A,2024-01-09 08:00:00,2024-01-09 15:00:00
1063,WH_MAIN,WH_MAIN,2024-01-09 15:00:00,2024-01-10 00:00:00
1063,WH_SUB,K3,2024-01-10 00:00:00,2024-01-12 05:00:00
1063,Delivery,Customer,2024-01-12 05:00:00,2024-01-15 20:00:00
1064,Receive,N/A,2024-01-07 08:00:00,2024-01-07 13:00:00
1064,WH_MAIN,WH_MAIN,2024-01-07 13:00:00,2024-01-07 20:00:00
1064,WH_SUB,K2,2024-01-07 20:00:00,2024-01-10 13:00:00
1064,Delivery,Customer,2024-01-10 13:00:00,2024-01-13 05:00:00
1065,Receive,N/A,2024-01-27 08:00:00,2024-01-27 17:00:00
1065,WH_MAIN,WH_MAIN,2024-01-27 17:00:00,2024-01-28 10:00:00
1065,WH_SUB,K2,2024-01-28 10:00:00,2024-01-30 11:00:00
1065,Delivery,Customer,2024-01-30 11:00:00,2024-02-02 09:00:00
1066,Receive,N/A,2024-01-06 08:00:00,2024-01-06 18:00:00
1066,WH_MAIN,WH_MAIN,2024-01-06 18:00:00,2024-01-07 00:00:00
1066,WH_SUB,K2,2024-01-07 00:00:00,2024-01-08 00:00:00
1066,Delivery,Customer,2024-01-08 00:00:00,2024-01-11 07:00:00
1067,Receive,N/A,2024-01-12 08:00:00,2024-01-12 15:00:00
1067,WH_MAIN,WH_MAIN,2024-01-12 15:00:00,2024-01-13 04:00:00
1067,WH_SUB,K1,2024-01-13 04:00:00,2024-01-16 00:00:00
1067,Delivery,Customer,2024-01-16 00:00:00,2024-01-18 15:00:00
1068,Receive,N/A,2024-01-22 08:00:00,2024-01-22 16:00:00
1068,WH_MAIN,WH_MAIN,2024-01-22 16:00:00,2024-01-23 02:00:00
1068,WH_SUB,K3,2024-01-23 02:00:00,2024-01-24 23:00:00
1068,Delivery,Customer,2024-01-24 23:00:00,2024-01-27 01:00:00
1069,Receive,N/A,2024-01-04 08:00:00,2024-01-04 12:00:00
1069,WH_MAIN,WH_MAIN,2024-01-04 12:00:00,2024-01-05 02:00:00
1069,WH_SUB,K1,2024-01-05 02:00:00,2024-01-06 15:00:00
1069,Delivery,Customer,2024-01-06 15:00:00,2024-01-10 13:00:00
1070,Receive,N/A,2024-01-28 08:00:00,2024-01-28 10:00:00
1070,WH_MAIN,WH_MAIN,2024-01-28 10:00:00,2024-01-28 19:00:00
1070,WH_SUB,K1,2024-01-28 19:00:00,2024-01-29 23:00:00
1070,Delivery,Customer,2024-01-29 23:00:00,2024-02-02 00:00:00
1071,Receive,N/A,2024-01-03 08:00:00,2024-01-03 14:00:00
1071,WH_MAIN,WH_MAIN,2024-01-03 14:00:00,2024-01-03 20:00:00
1071,WH_SUB,K1,2024-01-03 20:00:00,2024-01-06 01:00:00
1071,Delivery,Customer,2024-01-06 01:00:00,2024-01-08 10:00:00
1072,Receive,N/A,2024-01-30 08:00:00,2024-01-30 15:00:00
1072,WH_MAIN,WH_MAIN,2024-01-30 15:00:00,2024-01-30 22:00:00
1072,WH_SUB,K4,2024-01-30 22:00:00,2024-02-02 04:00:00
1072,Delivery,Customer,2024-02-02 04:00:00,2024-02-04 22:00:00
1073,Receive,N/A,2024-01-08 08:00:00,2024-01-08 10:00:00
1073,WH_MAIN,WH_MAIN,2024-01-08 10:00:00,2024-01-09 04:00:00
1073,WH_SUB,K2,2024-01-09 04:00:00,2024-01-10 07:00:00
1073,Delivery,Customer,2024-01-10 07:00:00,2024-01-12 22:00:00
1074,Receive,N/A,2024-01-07 08:00:00,2024-01-07 16:00:00
1074,WH_MAIN,WH_MAIN,2024-01-07 16:00:00,2024-01-08 09:00:00
1074,WH_SUB,K4,2024-01-08 09:00:00,2024-01-10 16:00:00
1075,Receive,N/A,2024-01-01 08:00:00,2024-01-01 17:00:00
1075,WH_MAIN,WH_MAIN,2024-01-01 17:00:00,2024-01-02 01:00:00
1075,WH_SUB,K1,2024-01-02 01:00:00,2024-01-04 09:00:00
1075,Delivery,Customer,2024-01-04 09:00:00,2024-01-08 03:00:00
1076,Receive,N/A,2024-01-06 08:00:00,2024-01-06 14:00:00
1076,WH_MAIN,WH_MAIN,2024-01-06 14:00:00,2024-01-06 20:00:00
1076,WH_SUB,K3,2024-01-06 20:00:00,2024-01-09 04:00:00
1076,Delivery,Customer,2024-01-09 04:00:00,2024-01-12 22:00:00
1077,Receive,N/A,2024-01-27 08:00:00,2024-01-27 11:00:00
1077,WH_MAIN,WH_MAIN,2024-01-27 11:00:00,2024-01-27 18:00:00
1077,WH_SUB,K1,2024-01-27 18:00:00,2024-01-30 04:00:00
1077,Delivery,Customer,2024-01-30 04:00:00,2024-02-02 05:00:00
1078,Receive,N/A,2024-01-14 08:00:00,2024-01-14 17:00:00
1078,WH_MAIN,WH_MAIN,2024-01-14 17:00:00,2024-01-15 08:00:00
1078,WH_SUB,K2,2024-01-15 08:00:00,2024-01-17 09:00:00
1078,Delivery,Customer,2024-01-17 09:00:00,2024-01-21 01:00:00
1079,Receive,N/A,2024-01-30 08:00:00,2024-01-30 16:00:00
1079,WH_MAIN,WH_MAIN,2024-01-30 16:00:00,2024-01-31 02:00:00
1079,WH_SUB,K2,2024-01-31 02:00:00,2024-02-02 22:00:00
1080,Receive,N/A,2024-01-21 08:00:00,2024-01-21 17:00:00
1080,WH_MAIN,WH_MAIN,2024-01-21 17:00:00,2024-01-22 03:00:00
1080,WH_SUB,K2,2024-01-22 03:00:00,2024-01-24 14:00:00
1080,Delivery,Customer,2024-01-24 14:00:00,2024-01-26 22:00:00
1081,Receive,N/A,2024-01-17 08:00:00,2024-01-17 17:00:00
1081,WH_MAIN,WH_MAIN,2024-01-17 17:00:00,2024-01-17 23:00:00
1081,WH_SUB,K2,2024-01-17 23:00:00,2024-01-20 09:00:00
1081,Delivery,Customer,2024-01-20 09:00:00,2024-01-23 02:00:00
1082,Receive,N/A,2024-01-29 08:00:00,2024-01-29 10:00:00
1082,WH_MAIN,WH_MAIN,2024-01-29 10:00:00,2024-01-29 23:00:00
1082,WH_SUB,K3,2024-01-29 23:00:00,2024-01-31 21:00:00
1083,Receive,N/A,2024-01-22 08:00:00,2024-01-22 14:00:00
1083,WH_MAIN,WH_MAIN,2024-01-22 14:00:00,2024-01-23 02:00:00
1083,WH_SUB,K3,2024-01-23 02:00:00,2024-01-24 14:00:00
1083,Delivery,Customer,2024-01-24 14:00:00,2024-01-28 00:00:00
1084,Receive,N/A,2024-01-08 08:00:00,2024-01-08 18:00:00
1084,WH_MAIN,WH_MAIN,2024-01-08 18:00:00,2024-01-09 00:00:00
1084,WH_SUB,K1,2024-01-09 00:00:00,2024-01-10 19:00:00
1084,Delivery,Customer,2024-01-10 19:00:00,2024-01-13 16:00:00
1085,Receive,N/A,2024-02-17 08:00:00,2024-02-17 12:00:00
1085,WH_MAIN,WH_MAIN,2024-02-17 12:00:00,2024-02-18 05:00:00
1085,WH_SUB,K2,2024-02-18 05:00:00,2024-02-20 21:00:00
1085,Delivery,Customer,2024-02-20 21:00:00,2024-02-23 05:00:00
1086,Receive,N/A,2024-02-14 08:00:00,2024-02-14 16:00:00
1087,Receive,N/A,2024-02-07 08:00:00,2024-02-07 13:00:00
1087,WH_MAIN,WH_MAIN,2024-02-07 13:00:00,2024-02-07 23:00:00
1087,WH_SUB,K4,2024-02-07 23:00:00,2024-02-09 03:00:00
1087,Delivery,Customer,2024-02-09 03:00:00,2024-02-12 03:00:00
1088,Receive,N/A,2024-02-03 08:00:00,2024-02-03 13:00:00
1088,WH_MAIN,WH_MAIN,2024-02-03 13:00:00,2024-02-03 22:00:00
1088,WH_SUB,K3,2024-02-03 22:00:00,2024-02-05 20:00:00
1088,Delivery,Customer,2024-02-05 20:00:00,2024-02-09 10:00:00
1089,Receive,N/A,2024-02-11 08:00:00,2024-02-11 14:00:00
1089,WH_MAIN,WH_MAIN,2024-02-11 14:00:00,2024-02-12 02:00:00
1089,WH_SUB,K1,2024-02-12 02:00:00,2024-02-13 15:00:00
1089,Delivery,Customer,2024-02-13 15:00:00,2024-02-15 19:00:00
1090,Receive,N/A,2024-02-14 08:00:00,2024-02-14 12:00:00
1090,WH_MAIN,WH_MAIN,2024-02-14 12:00:00,2024-02-15 04:00:00
1090,WH_SUB,K2,2024-02-15 04:00:00,2024-02-16 14:00:00
1090,Delivery,Customer,2024-02-16 14:00:00,2024-02-19 01:00:00
1091,Receive,N/A,2024-02-17 08:00:00,2024-02-17 18:00:00
1091,WH_MAIN,WH_MAIN,2024-02-17 18:00:00,2024-02-18 11:00:00
1091,WH_SUB,K1,2024-02-18 11:00:00,2024-02-20 03:00:00
1091,Delivery,Customer,2024-02-20 03:00:00,2024-02-22 09:00:00
1092,Receive,N/A,2024-02-13 08:00:00,2024-02-13 17:00:00
1092,WH_MAIN,WH_MAIN,2024-02-13 17:00:00,2024-02-14 00:00:00
1092,WH_SUB,K2,2024-02-14 00:00:00,2024-02-16 02:00:00
1092,Delivery,Customer,2024-02-16 02:00:00,2024-02-18 06:00:00
1093,Receive,N/A,2024-02-18 08:00:00,2024-02-18 14:00:00
1093,WH_MAIN,WH_MAIN,2024-02-18 14:00:00,2024-02-19 03:00:00
1093,WH_SUB,K1,2024-02-19 03:00:00,2024-02-22 02:00:00
1093,Delivery,Customer,2024-02-22 02:00:00,2024-02-24 23:00:00
1094,Receive,N/A,2024-02-24 08:00:00,2024-02-24 13:00:00
1094,WH_MAIN,WH_MAIN,2024-02-24 13:00:00,2024-02-25 01:00:00
1094,WH_SUB,K2,2024-02-25 01:00:00,2024-02-27 01:00:00
1094,Delivery,Customer,2024-02-27 01:00:00,2024-03-01 12:00:00
1095,Receive,N/A,2024-02-05 08:00:00,2024-02-05 15:00:00
1095,WH_MAIN,WH_MAIN,2024-02-05 15:00:00,2024-02-05 23:00:00
1095,WH_SUB,K1,2024-02-05 23:00:00,2024-02-08 18:00:00
1095,Delivery,Customer,2024-02-08 18:00:00,2024-02-11 20:00:00
1096,Receive,N/A,2024-02-09 08:00:00,2024-02-09 12:00:00
1096,WH_MAIN,WH_MAIN,2024-02-09 12:00:00,2024-02-09 20:00:00
1096,WH_SUB,K1,2024-02-09 20:00:00,2024-02-11 08:00:00
1096,Delivery,Customer,2024-02-11 08:00:00,2024-02-14 03:00:00
1097,Receive,N/A,2024-02-07 08:00:00,2024-02-07 17:00:00
1097,WH_MAIN,WH_MAIN,2024-02-07 17:00:00,2024-02-08 07:00:00
1097,WH_SUB,K1,2024-02-08 07:00:00,2024-02-10 21:00:00
1097,Delivery,Customer,2024-02-10 21:00:00,2024-02-13 09:00:00
1098,Receive,N/A,2024-02-22 08:00:00,2024-02-22 18:00:00
1098,WH_MAIN,WH_MAIN,2024-02-22 18:00:00,2024-02-23 00:00:00
1098,WH_SUB,K4,2024-02-23 00:00:00,2024-02-25 00:00:00
1098,Delivery,Customer,2024-02-25 00:00:00,2024-02-28 13:00:00
1099,Receive,N/A,2024-02-05 08:00:00,2024-02-05 14:00:00
1100,Receive,N/A,2024-02-26 08:00:00,2024-02-26 14:00:00
1100,WH_MAIN,WH_MAIN,2024-02-26 14:00:00,2024-02-27 00:00:00
1100,WH_SUB,K3,2024-02-27 00:00:00,2024-02-28 10:00:00
1100,Delivery,Customer,2024-02-28 10:00:00,2024-03-02 21:00:00
1101,Receive,N/A,2024-02-25 08:00:00,2024-02-25 12:00:00
1101,WH_MAIN,WH_MAIN,2024-02-25 12:00:00,2024-02-26 02:00:00
1101,WH_SUB,K4,2024-02-26 02:00:00,2024-02-27 19:00:00
1101,Delivery,Customer,2024-02-27 19:00:00,2024-03-02 19:00:00
1102,Receive,N/A,2024-02-26 08:00:00,2024-02-26 10:00:00
1102,WH_MAIN,WH_MAIN,2024-02-26 10:00:00,2024-02-26 21:00:00
1102,WH_SUB,K2,2024-02-26 21:00:00,2024-02-27 23:00:00
1102,Delivery,Customer,2024-02-27 23:00:00,2024-03-01 09:00:00
1103,Receive,N/A,2024-02-25 08:00:00,2024-02-25 17:00:00
1103,WH_MAIN,WH_MAIN,2024-02-25 17:00:00,2024-02-26 06:00:00
1103,WH_SUB,K1,2024-02-26 06:00:00,2024-02-28 09:00:00
1103,Delivery,Customer,2024-02-28 09:00:00,2024-03-02 12:00:00
1104,Receive,N/A,2024-02-06 08:00:00,2024-02-06 13:00:00
1104,WH_MAIN,WH_MAIN,2024-02-06 13:00:00,2024-02-07 04:00:00
1104,WH_SUB,K2,2024-02-07 04:00:00,2024-02-09 07:00:00
1104,Delivery,Customer,2024-02-09 07:00:00,2024-02-12 23:00:00
1105,Receive,N/A,2024-02-11 08:00:00,2024-02-11 13:00:00
1106,Receive,N/A,2024-02-07 08:00:00,2024-02-07 15:00:00
1106,WH_MAIN,WH_MAIN,2024-02-07 15:00:00,2024-02-08 05:00:00
1106,WH_SUB,K4,2024-02-08 05:00:00,2024-02-10 13:00:00
1106,Delivery,Customer,2024-02-10 13:00:00,2024-02-13 01:00:00
1107,Receive,N/A,2024-02-20 08:00:00,2024-02-20 12:00:00
1107,WH_MAIN,WH_MAIN,2024-02-20 12:00:00,2024-02-20 19:00:00
1107,WH_SUB,K3,2024-02-20 19:00:00,2024-02-21 23:00:00
1107,Delivery,Customer,2024-02-21 23:00:00,2024-02-24 00:00:00
1108,Receive,N/A,2024-02-09 08:00:00,2024-02-09 17:00:00
1108,WH_MAIN,WH_MAIN,2024-02-09 17:00:00,2024-02-10 09:00:00
1108,WH_SUB,K2,2024-02-10 09:00:00,2024-02-13 05:00:00
1108,Delivery,Customer,2024-02-13 05:00:00,2024-02-16 13:00:00
1109,Receive,N/A,2024-02-20 08:00:00,2024-02-20 15:00:00
1109,WH_MAIN,WH_MAIN,2024-02-20 15:00:00,2024-02-20 21:00:00
1109,WH_SUB,K3,2024-02-20 21:00:00,2024-02-22 17:00:00
1109,Delivery,Customer,2024-02-22 17:00:00,2024-02-25 17:00:00
1110,Receive,N/A,2024-02-15 08:00:00,2024-02-15 15:00:00
1110,WH_MAIN,WH_MAIN,2024-02-15 15:00:00,2024-02-15 21:00:00
1110,WH_SUB,K1,2024-02-15 21:00:00,2024-02-18 05:00:00
1110,Delivery,Customer,2024-02-18 05:00:00,2024-02-21 15:00:00
1111,Receive,N/A,2024-02-27 08:00:00,2024-02-27 10:00:00
1111,WH_MAIN,WH_MAIN,2024-02-27 10:00:00,2024-02-27 22:00:00
1111,WH_SUB,K2,2024-02-27 22:00:00,2024-02-29 03:00:00
1111,Delivery,Customer,2024-02-29 03:00:00,2024-03-02 07:00:00
1112,Receive,N/A,2024-02-05 08:00:00,2024-02-05 14:00:00
1113,Receive,N/A,2024-02-22 08:00:00,2024-02-22 14:00:00
1113,WH_MAIN,WH_MAIN,2024-02-22 14:00:00,2024-02-23 00:00:00
1113,WH_SUB,K4,2024-02-23 00:00:00,2024-02-25 12:00:00
1113,Delivery,Customer,2024-02-25 12:00:00,2024-02-28 06:00:00
1114,Receive,N/A,2024-02-06 08:00:00,2024-02-06 10:00:00
1114,WH_MAIN,WH_MAIN,2024-02-06 10:00:00,2024-02-07 00:00:00
1114,WH_SUB,K3,2024-02-07 00:00:00,2024-02-09 21:00:00
1114,Delivery,Customer,2024-02-09 21:00:00,2024-02-13 17:00:00
1115,Receive,N/A,2024-02-26 08:00:00,2024-02-26 13:00:00
1115,WH_MAIN,WH_MAIN,2024-02-26 13:00:00,2024-02-26 19:00:00
1115,WH_SUB,K4,2024-02-26 19:00:00,2024-02-29 02:00:00
1115,Delivery,Customer,2024-02-29 02:00:00,2024-03-03 08:00:00
1116,Receive,N/A,2024-02-19 08:00:00,2024-02-19 17:00:00
1116,WH_MAIN,WH_MAIN,2024-02-19 17:00:00,2024-02-20 08:00:00
1116,WH_SUB,K1,2024-02-20 08:00:00,2024-02-22 17:00:00
1116,Delivery,Customer,2024-02-22 17:00:00,2024-02-24 19:00:00
1117,Receive,N/A,2024-02-12 08:00:00,2024-02-12 11:00:00
1117,WH_MAIN,WH_MAIN,2024-02-12 11:00:00,2024-02-12 22:00:00
1117,WH_SUB,K4,2024-02-12 22:00:00,2024-02-15 17:00:00
1117,Delivery,Customer,2024-02-15 17:00:00,2024-02-18 22:00:00
1118,Receive,N/A,2024-02-18 08:00:00,2024-02-18 18:00:00
1118,WH_MAIN,WH_MAIN,2024-02-18 18:00:00,2024-02-19 06:00:00
1118,WH_SUB,K2,2024-02-19 06:00:00,2024-02-20 20:00:00
1118,Delivery,Customer,2024-02-20 20:00:00,2024-02-23 09:00:00
1119,Receive,N/A,2024-02-24 08:00:00,2024-02-24 11:00:00
1119,WH_MAIN,WH_MAIN,2024-02-24 11:00:00,2024-02-24 23:00:00
1119,WH_SUB,K1,2024-02-24 23:00:00,2024-02-27 12:00:00
1119,Delivery,Customer,2024-02-27 12:00:00,2024-03-01 21:00:00
1120,Receive,N/A,2024-02-21 08:00:00,2024-02-21 15:00:00
1120,WH_MAIN,WH_MAIN,2024-02-21 15:00:00,2024-02-21 22:00:00
1120,WH_SUB,K3,2024-02-21 22:00:00,2024-02-24 03:00:00
1120,Delivery,Customer,2024-02-24 03:00:00,2024-02-27 12:00:00
1121,Receive,N/A,2024-02-16 08:00:00,2024-02-16 13:00:00
1121,WH_MAIN,WH_MAIN,2024-02-16 13:00:00,2024-02-16 19:00:00
1121,WH_SUB,K2,2024-02-16 19:00:00,2024-02-18 18:00:00
1121,Delivery,Customer,2024-02-18 18:00:00,2024-02-21 23:00:00
1122,Receive,N/A,2024-02-14 08:00:00,2024-02-14 16:00:00
1122,WH_MAIN,WH_MAIN,2024-02-14 16:00:00,2024-02-14 22:00:00
1122,WH_SUB,K2,2024-02-14 22:00:00,2024-02-16 02:00:00
1122,Delivery,Customer,2024-02-16 02:00:00,2024-02-18 11:00:00
1123,Receive,N/A,2024-02-29 08:00:00,2024-02-29 17:00:00
1123,WH_MAIN,WH_MAIN,2024-02-29 17:00:00,2024-02-29 23:00:00
1123,WH_SUB,K4,2024-02-29 23:00:00,2024-03-02 18:00:00
1123,Delivery,Customer,2024-03-02 18:00:00,2024-03-06 03:00:00
1124,Receive,N/A,2024-02-07 08:00:00,2024-02-07 15:00:00
1124,WH_MAIN,WH_MAIN,2024-02-07 15:00:00,2024-02-08 09:00:00
1124,WH_SUB,K2,2024-02-08 09:00:00,2024-02-11 03:00:00
1124,Delivery,Customer,2024-02-11 03:00:00,2024-02-13 13:00:00
1125,Receive,N/A,2024-02-08 08:00:00,2024-02-08 12:00:00
1125,WH_MAIN,WH_MAIN,2024-02-08 12:00:00,2024-02-09 00:00:00
1125,WH_SUB,K3,2024-02-09 00:00:00,2024-02-10 15:00:00
1125,Delivery,Customer,2024-02-10 15:00:00,2024-02-13 06:00:00
1126,Receive,N/A,2024-02-09 08:00:00,2024-02-09 17:00:00
1126,WH_MAIN,WH_MAIN,2024-02-09 17:00:00,2024-02-10 02:00:00
1126,WH_SUB,K1,2024-02-10 02:00:00,2024-02-12 02:00:00
1126,Delivery,Customer,2024-02-12 02:00:00,2024-02-14 04:00:00
1127,Receive,N/A,2024-02-07 08:00:00,2024-02-07 11:00:00
1127,WH_MAIN,WH_MAIN,2024-02-07 11:00:00,2024-02-07 19:00:00
1127,WH_SUB,K1,2024-02-07 19:00:00,2024-02-09 13:00:00
1127,Delivery,Customer,2024-02-09 13:00:00,2024-02-12 06:00:00
1128,Receive,N/A,2024-02-28 08:00:00,2024-02-28 15:00:00
1128,WH_MAIN,WH_MAIN,2024-02-28 15:00:00,2024-02-28 21:00:00
1128,WH_SUB,K1,2024-02-28 21:00:00,2024-03-02 13:00:00
1128,Delivery,Customer,2024-03-02 13:00:00,2024-03-06 10:00:00
1129,Receive,N/A,2024-02-24 08:00:00,2024-02-24 11:00:00
1129,WH_MAIN,WH_MAIN,2024-02-24 11:00:00,2024-02-25 02:00:00
1129,WH_SUB,K1,2024-02-25 02:00:00,2024-02-27 04:00:00
1129,Delivery,Customer,2024-02-27 04:00:00,2024-03-02 02:00:00
1130,Receive,N/A,2024-02-19 08:00:00,2024-02-19 18:00:00
1130,WH_MAIN,WH_MAIN,2024-02-19 18:00:00,2024-02-20 07:00:00
1130,WH_SUB,K3,2024-02-20 07:00:00,2024-02-22 12:00:00
1130,Delivery,Customer,2024-02-22 12:00:00,2024-02-26 11:00:00
1131,Receive,N/A,2024-02-22 08:00:00,2024-02-22 10:00:00
1131,WH_MAIN,WH_MAIN,2024-02-22 10:00:00,2024-02-22 16:00:00
1131,WH_SUB,K1,2024-02-22 16:00:00,2024-02-23 23:00:00
1131,Delivery,Customer,2024-02-23 23:00:00,2024-02-26 13:00:00
1132,Receive,N/A,2024-02-07 08:00:00,2024-02-07 17:00:00
1132,WH_MAIN,WH_MAIN,2024-02-07 17:00:00,2024-02-08 08:00:00
1132,WH_SUB,K2,2024-02-08 08:00:00,2024-02-10 11:00:00
1132,Delivery,Customer,2024-02-10 11:00:00,2024-02-13 10:00:00
1133,Receive,N/A,2024-02-17 08:00:00,2024-02-17 11:00:00
1133,WH_MAIN,WH_MAIN,2024-02-17 11:00:00,2024-02-18 03:00:00
1133,WH_SUB,K4,2024-02-18 03:00:00,2024-02-19 09:00:00
1133,Delivery,Customer,2024-02-19 09:00:00,2024-02-22 07:00:00
1134,Receive,N/A,2024-02-25 08:00:00,2024-02-25 11:00:00
1134,WH_MAIN,WH_MAIN,2024-02-25 11:00:00,2024-02-25 19:00:00
1134,WH_SUB,K1,2024-02-25 19:00:00,2024-02-27 09:00:00
1134,Delivery,Customer,2024-02-27 09:00:00,2024-03-01 21:00:00
1135,Receive,N/A,2024-02-25 08:00:00,2024-02-25 16:00:00
1135,WH_MAIN,WH_MAIN,2024-02-25 16:00:00,2024-02-26 04:00:00
1135,WH_SUB,K2,2024-02-26 04:00:00,2024-02-28 05:00:00
1135,Delivery,Customer,2024-02-28 05:00:00,2024-03-02 05:00:00
1136,Receive,N/A,2024-02-11 08:00:00,2024-02-11 10:00:00
1136,WH_MAIN,WH_MAIN,2024-02-11 10:00:00,2024-02-12 00:00:00
1136,WH_SUB,K4,2024-02-12 00:00:00,2024-02-13 03:00:00
1136,Delivery,Customer,2024-02-13 03:00:00,2024-02-16 19:00:00
1137,Receive,N/A,2024-02-17 08:00:00,2024-02-17 11:00:00
1137,WH_MAIN,WH_MAIN,2024-02-17 11:00:00,2024-02-17 22:00:00
1137,WH_SUB,K1,2024-02-17 22:00:00,2024-02-20 07:00:00
1137,Delivery,Customer,2024-02-20 07:00:00,2024-02-23 22:00:00
1138,Receive,N/A,2024-02-10 08:00:00,2024-02-10 10:00:00
1138,WH_MAIN,WH_MAIN,2024-02-10 10:00:00,2024-02-11 01:00:00
1138,WH_SUB,K3,2024-02-11 01:00:00,2024-02-13 17:00:00
1138,Delivery,Customer,2024-02-13 17:00:00,2024-02-16 18:00:00
1139,Receive,N/A,2024-02-15 08:00:00,2024-02-15 11:00:00
1139,WH_MAIN,WH_MAIN,2024-02-15 11:00:00,2024-02-16 03:00:00
1139,WH_SUB,K1,2024-02-16 03:00:00,2024-02-18 23:00:00
1139,Delivery,Customer,2024-02-18 23:00:00,2024-02-22 07:00:00
1140,Receive,N/A,2024-02-20 08:00:00,2024-02-20 14:00:00
1140,WH_MAIN,WH_MAIN,2024-02-20 14:00:00,2024-02-21 01:00:00
1140,WH_SUB,K4,2024-02-21 01:00:00,2024-02-22 06:00:00
1140,Delivery,Customer,2024-02-22 06:00:00,2024-02-24 09:00:00
1141,Receive,N/A,2024-02-18 08:00:00,2024-02-18 17:00:00
1141,WH_MAIN,WH_MAIN,2024-02-18 17:00:00,2024-02-19 05:00:00
1141,WH_SUB,K3,2024-02-19 05:00:00,2024-02-21 11:00:00
1141,Delivery,Customer,2024-02-21 11:00:00,2024-02-24 22:00:00
1142,Receive,N/A,2024-02-02 08:00:00,2024-02-02 17:00:00
1142,WH_MAIN,WH_MAIN,2024-02-02 17:00:00,2024-02-03 00:00:00
1142,WH_SUB,K4,2024-02-03 00:00:00,2024-02-05 03:00:00
1142,Delivery,Customer,2024-02-05 03:00:00,2024-02-07 17:00:00
1143,Receive,N/A,2024-02-10 08:00:00,2024-02-10 15:00:00
1144,Receive,N/A,2024-02-19 08:00:00,2024-02-19 17:00:00
1144,WH_MAIN,WH_MAIN,2024-02-19 17:00:00,2024-02-20 07:00:00
1144,WH_SUB,K2,2024-02-20 07:00:00,2024-02-21 08:00:00
1144,Delivery,Customer,2024-02-21 08:00:00,2024-02-23 15:00:00
1145,Receive,N/A,2024-02-09 08:00:00,2024-02-09 12:00:00
1145,WH_MAIN,WH_MAIN,2024-02-09 12:00:00,2024-02-09 22:00:00
1145,WH_SUB,K3,2024-02-09 22:00:00,2024-02-11 03:00:00
1146,Receive,N/A,2024-02-17 08:00:00,2024-02-17 13:00:00
1146,WH_MAIN,WH_MAIN,2024-02-17 13:00:00,2024-02-17 19:00:00
1146,WH_SUB,K1,2024-02-17 19:00:00,2024-02-19 14:00:00
1146,Delivery,Customer,2024-02-19 14:00:00,2024-02-23 12:00:00
1147,Receive,N/A,2024-02-21 08:00:00,2024-02-21 10:00:00
1147,WH_MAIN,WH_MAIN,2024-02-21 10:00:00,2024-02-21 21:00:00
1147,WH_SUB,K1,2024-02-21 21:00:00,2024-02-23 07:00:00
1148,Receive,N/A,2024-02-21 08:00:00,2024-02-21 12:00:00
1148,WH_MAIN,WH_MAIN,2024-02-21 12:00:00,2024-02-21 19:00:00
1148,WH_SUB,K3,2024-02-21 19:00:00,2024-02-23 04:00:00
1148,Delivery,Customer,2024-02-23 04:00:00,2024-02-25 13:00:00
1149,Receive,N/A,2024-02-23 08:00:00,2024-02-23 11:00:00
1149,WH_MAIN,WH_MAIN,2024-02-23 11:00:00,2024-02-23 18:00:00
1149,WH_SUB,K3,2024-02-23 18:00:00,2024-02-25 13:00:00
1149,Delivery,Customer,2024-02-25 13:00:00,2024-02-29 01:00:00
1150,Receive,N/A,2024-02-07 08:00:00,2024-02-07 18:00:00
1150,WH_MAIN,WH_MAIN,2024-02-07 18:00:00,2024-02-08 10:00:00
1150,WH_SUB,K1,2024-02-08 10:00:00,2024-02-10 00:00:00
1150,Delivery,Customer,2024-02-10 00:00:00,2024-02-13 10:00:00
1151,Receive,N/A,2024-02-29 08:00:00,2024-02-29 10:00:00
1151,WH_MAIN,WH_MAIN,2024-02-29 10:00:00,2024-03-01 03:00:00
1151,WH_SUB,K2,2024-03-01 03:00:00,2024-03-03 22:00:00
1151,Delivery,Customer,2024-03-03 22:00:00,2024-03-06 08:00:00
1152,Receive,N/A,2024-02-13 08:00:00,2024-02-13 18:00:00
1152,WH_MAIN,WH_MAIN,2024-02-13 18:00:00,2024-02-14 02:00:00
1152,WH_SUB,K3,2024-02-14 02:00:00,2024-02-15 02:00:00
1152,Delivery,Customer,2024-02-15 02:00:00,2024-02-17 23:00:00
1153,Receive,N/A,2024-02-18 08:00:00,2024-02-18 17:00:00
1153,WH_MAIN,WH_MAIN,2024-02-18 17:00:00,2024-02-19 03:00:00
1153,WH_SUB,K2,2024-02-19 03:00:00,2024-02-20 16:00:00
1153,Delivery,Customer,2024-02-20 16:00:00,2024-02-24 02:00:00
1154,Receive,N/A,2024-02-08 08:00:00,2024-02-08 14:00:00
1154,WH_MAIN,WH_MAIN,2024-02-08 14:00:00,2024-02-08 22:00:00
1154,WH_SUB,K2,2024-02-08 22:00:00,2024-02-10 11:00:00
1154,Delivery,Customer,2024-02-10 11:00:00,2024-02-12 14:00:00
1155,Receive,N/A,2024-02-28 08:00:00,2024-02-28 18:00:00
1155,WH_MAIN,WH_MAIN,2024-02-28 18:00:00,2024-02-29 08:00:00
1155,WH_SUB,K2,2024-02-29 08:00:00,2024-03-02 01:00:00
1155,Delivery,Customer,2024-03-02 01:00:00,2024-03-05 15:00:00
1156,Receive,N/A,2024-02-29 08:00:00,2024-02-29 17:00:00
1156,WH_MAIN,WH_MAIN,2024-02-29 17:00:00,2024-03-01 01:00:00
1156,WH_SUB,K1,2024-03-01 01:00:00,2024-03-03 14:00:00
1156,Delivery,Customer,2024-03-03 14:00:00,2024-03-06 04:00:00
1157,Receive,N/A,2024-02-06 08:00:00,2024-02-06 10:00:00
1157,WH_MAIN,WH_MAIN,2024-02-06 10:00:00,2024-02-06 16:00:00
1157,WH_SUB,K2,2024-02-06 16:00:00,2024-02-09 14:00:00
1157,Delivery,Customer,2024-02-09 14:00:00,2024-02-12 03:00:00
1158,Receive,N/A,2024-02-13 08:00:00,2024-02-13 14:00:00
1158,WH_MAIN,WH_MAIN,2024-02-13 14:00:00,2024-02-13 22:00:00
1158,WH_SUB,K2,2024-02-13 22:00:00,2024-02-16 12:00:00
1158,Delivery,Customer,2024-02-16 12:00:00,2024-02-18 17:00:00
1159,Receive,N/A,2024-02-09 08:00:00,2024-02-09 12:00:00
1159,WH_MAIN,WH_MAIN,2024-02-09 12:00:00,2024-02-10 01:00:00
1159,WH_SUB,K4,2024-02-10 01:00:00,2024-02-12 18:00:00
1159,Delivery,Customer,2024-02-12 18:00:00,2024-02-15 08:00:00
1160,Receive,N/A,2024-02-27 08:00:00,2024-02-27 10:00:00
1160,WH_MAIN,WH_MAIN,2024-02-27 10:00:00,2024-02-27 22:00:00
1160,WH_SUB,K2,2024-02-27 22:00:00,2024-03-01 00:00:00
1160,Delivery,Customer,2024-03-01 00:00:00,2024-03-04 13:00:00
1161,Receive,N/A,2024-02-15 08:00:00,2024-02-15 18:00:00
1161,WH_MAIN,WH_MAIN,2024-02-15 18:00:00,2024-02-16 04:00:00
1161,WH_SUB,K2,2024-02-16 04:00:00,2024-02-18 06:00:00
1161,Delivery,Customer,2024-02-18 06:00:00,2024-02-20 09:00:00
1162,Receive,N/A,2024-02-16 08:00:00,2024-02-16 15:00:00
1162,WH_MAIN,WH_MAIN,2024-02-16 15:00:00,2024-02-17 01:00:00
1162,WH_SUB,K2,2024-02-17 01:00:00,2024-02-18 10:00:00
1162,Delivery,Customer,2024-02-18 10:00:00,2024-02-21 23:00:00
1163,Receive,N/A,2024-02-17 08:00:00,2024-02-17 13:00:00
1163,WH_MAIN,WH_MAIN,2024-02-17 13:00:00,2024-02-17 22:00:00
1163,WH_SUB,K4,2024-02-17 22:00:00,2024-02-19 12:00:00
1163,Delivery,Customer,2024-02-19 12:00:00,2024-02-21 16:00:00
1164,Receive,N/A,2024-02-09 08:00:00,2024-02-09 13:00:00
1164,WH_MAIN,WH_MAIN,2024-02-09 13:00:00,2024-02-09 20:00:00
1164,WH_SUB,K1,2024-02-09 20:00:00,2024-02-11 22:00:00
1164,Delivery,Customer,2024-02-11 22:00:00,2024-02-15 09:00:00
1165,Receive,N/A,2024-02-15 08:00:00,2024-02-15 13:00:00
1165,WH_MAIN,WH_MAIN,2024-02-15 13:00:00,2024-02-16 05:00:00
1165,WH_SUB,K1,2024-02-16 05:00:00,2024-02-18 00:00:00
1165,Delivery,Customer,2024-02-18 00:00:00,2024-02-20 09:00:00
1166,Receive,N/A,2024-02-05 08:00:00,2024-02-05 17:00:00
1166,WH_MAIN,WH_MAIN,2024-02-05 17:00:00,2024-02-06 06:00:00
1166,WH_SUB,K3,2024-02-06 06:00:00,2024-02-08 04:00:00
1166,Delivery,Customer,2024-02-08 04:00:00,2024-02-12 01:00:00
1167,Receive,N/A,2024-02-20 08:00:00,2024-02-20 17:00:00
1167,WH_MAIN,WH_MAIN,2024-02-20 17:00:00,2024-02-21 07:00:00
1167,WH_SUB,K3,2024-02-21 07:00:00,2024-02-23 15:00:00
1167,Delivery,Customer,2024-02-23 15:00:00,2024-02-27 09:00:00
1168,Receive,N/A,2024-02-25 08:00:00,2024-02-25 13:00:00
1168,WH_MAIN,WH_MAIN,2024-02-25 13:00:00,2024-02-25 23:00:00
1168,WH_SUB,K3,2024-02-25 23:00:00,2024-02-28 11:00:00
1168,Delivery,Customer,2024-02-28 11:00:00,2024-03-03 04:00:00
1169,Receive,N/A,2024-03-21 08:00:00,2024-03-21 10:00:00
1169,WH_MAIN,WH_MAIN,2024-03-21 10:00:00,2024-03-22 01:00:00
1169,WH_SUB,K1,2024-03-22 01:00:00,2024-03-24 05:00:00
1169,Delivery,Customer,2024-03-24 05:00:00,2024-03-27 21:00:00
1170,Receive,N/A,2024-03-11 08:00:00,2024-03-11 15:00:00
1170,WH_MAIN,WH_MAIN,2024-03-11 15:00:00,2024-03-11 21:00:00
1170,WH_SUB,K2,2024-03-11 21:00:00,2024-03-14 09:00:00
1171,Receive,N/A,2024-03-23 08:00:00,2024-03-23 13:00:00
1171,WH_MAIN,WH_MAIN,2024-03-23 13:00:00,2024-03-24 03:00:00
1171,WH_SUB,K3,2024-03-24 03:00:00,2024-03-25 03:00:00
1171,Delivery,Customer,2024-03-25 03:00:00,2024-03-28 18:00:00
1172,Receive,N/A,2024-03-11 08:00:00,2024-03-11 14:00:00
1172,WH_MAIN,WH_MAIN,2024-03-11 14:00:00,2024-03-12 00:00:00
1172,WH_SUB,K1,2024-03-12 00:00:00,2024-03-13 09:00:00
1172,Delivery,Customer,2024-03-13 09:00:00,2024-03-16 10:00:00
1173,Receive,N/A,2024-03-09 08:00:00,2024-03-09 18:00:00
1173,WH_MAIN,WH_MAIN,2024-03-09 18:00:00,2024-03-10 03:00:00
1173,WH_SUB,K4,2024-03-10 03:00:00,2024-03-12 03:00:00
1173,Delivery,Customer,2024-03-12 03:00:00,2024-03-15 16:00:00
1174,Receive,N/A,2024-03-26 08:00:00,2024-03-26 11:00:00
1174,WH_MAIN,WH_MAIN,2024-03-26 11:00:00,2024-03-27 03:00:00
1174,WH_SUB,K3,2024-03-27 03:00:00,2024-03-29 12:00:00
1174,Delivery,Customer,2024-03-29 12:00:00,2024-04-02 06:00:00
1175,Receive,N/A,2024-03-15 08:00:00,2024-03-15 12:00:00
1175,WH_MAIN,WH_MAIN,2024-03-15 12:00:00,2024-03-16 02:00:00
1175,WH_SUB,K4,2024-03-16 02:00:00,2024-03-17 08:00:00
1175,Delivery,Customer,2024-03-17 08:00:00,2024-03-20 07:00:00
1176,Receive,N/A,2024-03-03 08:00:00,2024-03-03 10:00:00
1176,WH_MAIN,WH_MAIN,2024-03-03 10:00:00,2024-03-04 02:00:00
1176,WH_SUB,K2,2024-03-04 02:00:00,2024-03-06 03:00:00
1176,Delivery,Customer,2024-03-06 03:00:00,2024-03-08 23:00:00
1177,Receive,N/A,2024-03-31 08:00:00,2024-03-31 10:00:00
1177,WH_MAIN,WH_MAIN,2024-03-31 10:00:00,2024-03-31 19:00:00
1177,WH_SUB,K3,2024-03-31 19:00:00,2024-04-03 11:00:00
1177,Delivery,Customer,2024-04-03 11:00:00,2024-04-06 08:00:00
1178,Receive,N/A,2024-03-31 08:00:00,2024-03-31 17:00:00
1178,WH_MAIN,WH_MAIN,2024-03-31 17:00:00,2024-03-31 23:00:00
1178,WH_SUB,K3,2024-03-31 23:00:00,2024-04-03 06:00:00
1178,Delivery,Customer,2024-04-03 06:00:00,2024-04-06 04:00:00
1179,Receive,N/A,2024-03-07 08:00:00,2024-03-07 12:00:00
1179,WH_MAIN,WH_MAIN,2024-03-07 12:00:00,2024-03-07 20:00:00
1179,WH_SUB,K3,2024-03-07 20:00:00,2024-03-10 03:00:00
1179,Delivery,Customer,2024-03-10 03:00:00,2024-03-14 03:00:00
1180,Receive,N/A,2024-03-16 08:00:00,2024-03-16 17:00:00
1180,WH_MAIN,WH_MAIN,2024-03-16 17:00:00,2024-03-16 23:00:00
1180,WH_SUB,K1,2024-03-16 23:00:00,2024-03-18 12:00:00
1180,Delivery,Customer,2024-03-18 12:00:00,2024-03-20 13:00:00
1181,Receive,N/A,2024-03-25 08:00:00,2024-03-25 15:00:00
1181,WH_MAIN,WH_MAIN,2024-03-25 15:00:00,2024-03-25 22:00:00
1181,WH_SUB,K3,2024-03-25 22:00:00,2024-03-28 03:00:00
1181,Delivery,Customer,2024-03-28 03:00:00,2024-03-30 06:00:00
1182,Receive,N/A,2024-03-15 08:00:00,2024-03-15 10:00:00
1182,WH_MAIN,WH_MAIN,2024-03-15 10:00:00,2024-03-15 22:00:00
1182,WH_SUB,K1,2024-03-15 22:00:00,2024-03-18 12:00:00
1182,Delivery,Customer,2024-03-18 12:00:00,2024-03-20 21:00:00
1183,Receive,N/A,2024-03-24 08:00:00,2024-03-24 12:00:00
1183,WH_MAIN,WH_MAIN,2024-03-24 12:00:00,2024-03-25 05:00:00
1183,WH_SUB,K2,2024-03-25 05:00:00,2024-03-27 13:00:00
1183,Delivery,Customer,2024-03-27 13:00:00,2024-03-30 16:00:00
1184,Receive,N/A,2024-03-23 08:00:00,2024-03-23 11:00:00
1184,WH_MAIN,WH_MAIN,2024-03-23 11:00:00,2024-03-24 00:00:00
1184,WH_SUB,K1,2024-03-24 00:00:00,2024-03-25 00:00:00
1184,Delivery,Customer,2024-03-25 00:00:00,2024-03-27 02:00:00
1185,Receive,N/A,2024-03-08 08:00:00,2024-03-08 17:00:00
1185,WH_MAIN,WH_MAIN,2024-03-08 17:00:00,2024-03-09 11:00:00
1185,WH_SUB,K4,2024-03-09 11:00:00,2024-03-12 09:00:00
1185,Delivery,Customer,2024-03-12 09:00:00,2024-03-15 17:00:00
1186,Receive,N/A,2024-03-05 08:00:00,2024-03-05 17:00:00
1186,WH_MAIN,WH_MAIN,2024-03-05 17:00:00,2024-03-06 06:00:00
1186,WH_SUB,K4,2024-03-06 06:00:00,2024-03-07 19:00:00
1186,Delivery,Customer,2024-03-07 19:00:00,2024-03-11 16:00:00
1187,Receive,N/A,2024-03-29 08:00:00,2024-03-29 13:00:00
1187,WH_MAIN,WH_MAIN,2024-03-29 13:00:00,2024-03-30 00:00:00
1187,WH_SUB,K2,2024-03-30 00:00:00,2024-03-31 20:00:00
1187,Delivery,Customer,2024-03-31 20:00:00,2024-04-04 19:00:00
1188,Receive,N/A,2024-03-12 08:00:00,2024-03-12 11:00:00
1188,WH_MAIN,WH_MAIN,2024-03-12 11:00:00,2024-03-12 23:00:00
1188,WH_SUB,K1,2024-03-12 23:00:00,2024-03-15 07:00:00
1188,Delivery,Customer,2024-03-15 07:00:00,2024-03-18 01:00:00
1189,Receive,N/A,2024-03-25 08:00:00,2024-03-25 12:00:00
1189,WH_MAIN,WH_MAIN,2024-03-25 12:00:00,2024-03-26 05:00:00
1189,WH_SUB,K2,2024-03-26 05:00:00,2024-03-27 22:00:00
1189,Delivery,Customer,2024-03-27 22:00:00,2024-03-31 20:00:00
1190,Receive,N/A,2024-03-26 08:00:00,2024-03-26 14:00:00
1190,WH_MAIN,WH_MAIN,2024-03-26 14:00:00,2024-03-27 05:00:00
1190,WH_SUB,K1,2024-03-27 05:00:00,2024-03-28 06:00:00
1190,Delivery,Customer,2024-03-28 06:00:00,2024-03-30 17:00:00
1191,Receive,N/A,2024-03-29 08:00:00,2024-03-29 13:00:00
1191,WH_MAIN,WH_MAIN,2024-03-29 13:00:00,2024-03-30 00:00:00
1191,WH_SUB,K1,2024-03-30 00:00:00,2024-04-01 05:00:00
1191,Delivery,Customer,2024-04-01 05:00:00,2024-04-05 00:00:00
1192,Receive,N/A,2024-03-04 08:00:00,2024-03-04 12:00:00
1192,WH_MAIN,WH_MAIN,2024-03-04 12:00:00,2024-03-04 23:00:00
1192,WH_SUB,K4,2024-03-04 23:00:00,2024-03-06 22:00:00
1192,Delivery,Customer,2024-03-06 22:00:00,2024-03-10 03:00:00
1193,Receive,N/A,2024-03-08 08:00:00,2024-03-08 17:00:00
1194,Receive,N/A,2024-03-18 08:00:00,2024-03-18 16:00:00
1194,WH_MAIN,WH_MAIN,2024-03-18 16:00:00,2024-03-18 22:00:00
1194,WH_SUB,K2,2024-03-18 22:00:00,2024-03-20 14:00:00
1194,Delivery,Customer,2024-03-20 14:00:00,2024-03-24 05:00:00
1195,Receive,N/A,2024-03-30 08:00:00,2024-03-30 11:00:00
1195,WH_MAIN,WH_MAIN,2024-03-30 11:00:00,2024-03-30 23:00:00
1195,WH_SUB,K1,2024-03-30 23:00:00,2024-04-01 07:00:00
1195,Delivery,Customer,2024-04-01 07:00:00,2024-04-05 01:00:00
1196,Receive,N/A,2024-03-28 08:00:00,2024-03-28 13:00:00
1196,WH_MAIN,WH_MAIN,2024-03-28 13:00:00,2024-03-29 07:00:00
1196,WH_SUB,K4,2024-03-29 07:00:00,2024-04-01 03:00:00
1196,Delivery,Customer,2024-04-01 03:00:00,2024-04-04 15:00:00
1197,Receive,N/A,2024-03-07 08:00:00,2024-03-07 15:00:00
1197,WH_MAIN,WH_MAIN,2024-03-07 15:00:00,2024-03-08 01:00:00
1197,WH_SUB,K4,2024-03-08 01:00:00,2024-03-10 18:00:00
1197,Delivery,Customer,2024-03-10 18:00:00,2024-03-14 07:00:00
1198,Receive,N/A,2024-03-30 08:00:00,2024-03-30 11:00:00
1198,WH_MAIN,WH_MAIN,2024-03-30 11:00:00,2024-03-31 01:00:00
1198,WH_SUB,K1,2024-03-31 01:00:00,2024-04-02 14:00:00
1198,Delivery,Customer,2024-04-02 14:00:00,2024-04-05 12:00:00
1199,Receive,N/A,2024-03-10 08:00:00,2024-03-10 14:00:00
1199,WH_MAIN,WH_MAIN,2024-03-10 14:00:00,2024-03-11 00:00:00
1199,WH_SUB,K3,2024-03-11 00:00:00,2024-03-13 06:00:00
1199,Delivery,Customer,2024-03-13 06:00:00,2024-03-16 21:00:00
1200,Receive,N/A,2024-03-30 08:00:00,2024-03-30 11:00:00
1200,WH_MAIN,WH_MAIN,2024-03-30 11:00:00,2024-03-31 01:00:00
1200,WH_SUB,K4,2024-03-31 01:00:00,2024-04-01 07:00:00
1200,Delivery,Customer,2024-04-01 07:00:00,2024-04-03 23:00:00
1201,Receive,N/A,2024-03-13 08:00:00,2024-03-13 14:00:00
1201,WH_MAIN,WH_MAIN,2024-03-13 14:00:00,2024-03-14 05:00:00
1201,WH_SUB,K1,2024-03-14 05:00:00,2024-03-17 02:00:00
1201,Delivery,Customer,2024-03-17 02:00:00,2024-03-20 20:00:00
1202,Receive,N/A,2024-03-25 08:00:00,2024-03-25 10:00:00
1202,WH_MAIN,WH_MAIN,2024-03-25 10:00:00,2024-03-25 19:00:00
1202,WH_SUB,K1,2024-03-25 19:00:00,2024-03-27 20:00:00
1202,Delivery,Customer,2024-03-27 20:00:00,2024-03-30 06:00:00
1203,Receive,N/A,2024-03-16 08:00:00,2024-03-16 17:00:00
1203,WH_MAIN,WH_MAIN,2024-03-16 17:00:00,2024-03-17 02:00:00
1203,WH_SUB,K4,2024-03-17 02:00:00,2024-03-20 02:00:00
1203,Delivery,Customer,2024-03-20 02:00:00,2024-03-23 17:00:00
1204,Receive,N/A,2024-03-26 08:00:00,2024-03-26 12:00:00
1204,WH_MAIN,WH_MAIN,2024-03-26 12:00:00,2024-03-27 00:00:00
1204,WH_SUB,K1,2024-03-27 00:00:00,2024-03-29 22:00:00
1205,Receive,N/A,2024-03-16 08:00:00,2024-03-16 15:00:00
1205,WH_MAIN,WH_MAIN,2024-03-16 15:00:00,2024-03-16 21:00:00
1205,WH_SUB,K2,2024-03-16 21:00:00,2024-03-19 08:00:00
1205,Delivery,Customer,2024-03-19 08:00:00,2024-03-22 02:00:00
1206,Receive,N/A,2024-03-11 08:00:00,2024-03-11 12:00:00
1206,WH_MAIN,WH_MAIN,2024-03-11 12:00:00,2024-03-11 18:00:00
1206,WH_SUB,K2,2024-03-11 18:00:00,2024-03-14 14:00:00
1206,Delivery,Customer,2024-03-14 14:00:00,2024-03-16 22:00:00
1207,Receive,N/A,2024-03-03 08:00:00,2024-03-03 11:00:00
1207,WH_MAIN,WH_MAIN,2024-03-03 11:00:00,2024-03-04 01:00:00
1207,WH_SUB,K1,2024-03-04 01:00:00,2024-03-06 16:00:00
1207,Delivery,Customer,2024-03-06 16:00:00,2024-03-09 16:00:00
1208,Receive,N/A,2024-03-09 08:00:00,2024-03-09 17:00:00
1208,WH_MAIN,WH_MAIN,2024-03-09 17:00:00,2024-03-10 05:00:00
1208,WH_SUB,K1,2024-03-10 05:00:00,2024-03-12 15:00:00
1208,Delivery,Customer,2024-03-12 15:00:00,2024-03-16 03:00:00
1209,Receive,N/A,2024-03-28 08:00:00,2024-03-28 12:00:00
1209,WH_MAIN,WH_MAIN,2024-03-28 12:00:00,2024-03-28 19:00:00
1209,WH_SUB,K4,2024-03-28 19:00:00,2024-03-30 13:00:00
1209,Delivery,Customer,2024-03-30 13:00:00,2024-04-03 13:00:00
1210,Receive,N/A,2024-03-27 08:00:00,2024-03-27 10:00:00
1211,Receive,N/A,2024-03-13 08:00:00,2024-03-13 16:00:00
1211,WH_MAIN,WH_MAIN,2024-03-13 16:00:00,2024-03-14 09:00:00
1211,WH_SUB,K1,2024-03-14 09:00:00,2024-03-16 00:00:00
1211,Delivery,Customer,2024-03-16 00:00:00,2024-03-18 07:00:00
1212,Receive,N/A,2024-03-09 08:00:00,2024-03-09 14:00:00
1212,WH_MAIN,WH_MAIN,2024-03-09 14:00:00,2024-03-10 00:00:00
1212,WH_SUB,K1,2024-03-10 00:00:00,2024-03-11 15:00:00
1212,Delivery,Customer,2024-03-11 15:00:00,2024-03-14 15:00:00
1213,Receive,N/A,2024-03-24 08:00:00,2024-03-24 11:00:00
1213,WH_MAIN,WH_MAIN,2024-03-24 11:00:00,2024-03-25 03:00:00
1213,WH_SUB,K2,2024-03-25 03:00:00,2024-03-27 04:00:00
1213,Delivery,Customer,2024-03-27 04:00:00,2024-03-30 05:00:00
1214,Receive,N/A,2024-03-01 08:00:00,2024-03-01 16:00:00
1215,Receive,N/A,2024-03-22 08:00:00,2024-03-22 14:00:00
1215,WH_MAIN,WH_MAIN,2024-03-22 14:00:00,2024-03-23 02:00:00
1215,WH_SUB,K2,2024-03-23 02:00:00,2024-03-24 16:00:00
1215,Delivery,Customer,2024-03-24 16:00:00,2024-03-27 00:00:00
1216,Receive,N/A,2024-03-17 08:00:00,2024-03-17 12:00:00
1216,WH_MAIN,WH_MAIN,2024-03-17 12:00:00,2024-03-17 19:00:00
1216,WH_SUB,K1,2024-03-17 19:00:00,2024-03-19 17:00:00
1216,Delivery,Customer,2024-03-19 17:00:00,2024-03-22 23:00:00
1217,Receive,N/A,2024-03-30 08:00:00,2024-03-30 13:00:00
1217,WH_MAIN,WH_MAIN,2024-03-30 13:00:00,2024-03-30 20:00:00
1217,WH_SUB,K4,2024-03-30 20:00:00,2024-04-02 13:00:00
1217,Delivery,Customer,2024-04-02 13:00:00,2024-04-05 02:00:00
1218,Receive,N/A,2024-03-17 08:00:00,2024-03-17 17:00:00
1218,WH_MAIN,WH_MAIN,2024-03-17 17:00:00,2024-03-18 10:00:00
1218,WH_SUB,K1,2024-03-18 10:00:00,2024-03-21 06:00:00
1218,Delivery,Customer,2024-03-21 06:00:00,2024-03-24 18:00:00
1219,Receive,N/A,2024-03-29 08:00:00,2024-03-29 17:00:00
1219,WH_MAIN,WH_MAIN,2024-03-29 17:00:00,2024-03-30 05:00:00
1219,WH_SUB,K1,2024-03-30 05:00:00,2024-04-02 00:00:00
1219,Delivery,Customer,2024-04-02 00:00:00,2024-04-06 00:00:00
1220,Receive,N/A,2024-03-25 08:00:00,2024-03-25 13:00:00
1220,WH_MAIN,WH_MAIN,2024-03-25 13:00:00,2024-03-26 03:00:00
1220,WH_SUB,K4,2024-03-26 03:00:00,2024-03-27 15:00:00
1220,Delivery,Customer,2024-03-27 15:00:00,2024-03-30 06:00:00
1221,Receive,N/A,2024-03-02 08:00:00,2024-03-02 11:00:00
1221,WH_MAIN,WH_MAIN,2024-03-02 11:00:00,2024-03-03 02:00:00
1221,WH_SUB,K1,2024-03-03 02:00:00,2024-03-05 11:00:00
1221,Delivery,Customer,2024-03-05 11:00:00,2024-03-07 23:00:00
1222,Receive,N/A,2024-03-26 08:00:00,2024-03-26 11:00:00
1222,WH_MAIN,WH_MAIN,2024-03-26 11:00:00,2024-03-26 19:00:00
1222,WH_SUB,K2,2024-03-26 19:00:00,2024-03-29 09:00:00
1222,Delivery,Customer,2024-03-29 09:00:00,2024-04-01 13:00:00
1223,Receive,N/A,2024-03-16 08:00:00,2024-03-16 10:00:00
1223,WH_MAIN,WH_MAIN,2024-03-16 10:00:00,2024-03-16 20:00:00
1223,WH_SUB,K1,2024-03-16 20:00:00,2024-03-19 15:00:00
1223,Delivery,Customer,2024-03-19 15:00:00,2024-03-23 10:00:00
1224,Receive,N/A,2024-03-23 08:00:00,2024-03-23 18:00:00
1224,WH_MAIN,WH_MAIN,2024-03-23 18:00:00,2024-03-24 08:00:00
1224,WH_SUB,K3,2024-03-24 08:00:00,2024-03-26 22:00:00
1224,Delivery,Customer,2024-03-26 22:00:00,2024-03-28 22:00:00
1225,Receive,N/A,2024-03-05 08:00:00,2024-03-05 10:00:00
1225,WH_MAIN,WH_MAIN,2024-03-05 10:00:00,2024-03-05 23:00:00
1225,WH_SUB,K2,2024-03-05 23:00:00,2024-03-08 04:00:00
1225,Delivery,Customer,2024-03-08 04:00:00,2024-03-10 21:00:00
1226,Receive,N/A,2024-03-02 08:00:00,2024-03-02 14:00:00
1226,WH_MAIN,WH_MAIN,2024-03-02 14:00:00,2024-03-02 20:00:00
1226,WH_SUB,K1,2024-03-02 20:00:00,2024-03-05 17:00:00
1226,Delivery,Customer,2024-03-05 17:00:00,2024-03-08 07:00:00
1227,Receive,N/A,2024-03-20 08:00:00,2024-03-20 10:00:00
1227,WH_MAIN,WH_MAIN,2024-03-20 10:00:00,2024-03-20 19:00:00
1227,WH_SUB,K2,2024-03-20 19:00:00,2024-03-22 06:00:00
1228,Receive,N/A,2024-03-18 08:00:00,2024-03-18 14:00:00
1228,WH_MAIN,WH_MAIN,2024-03-18 14:00:00,2024-03-19 06:00:00
1228,WH_SUB,K3,2024-03-19 06:00:00,2024-03-20 11:00:00
1229,Receive,N/A,2024-03-10 08:00:00,2024-03-10 17:00:00
1229,WH_MAIN,WH_MAIN,2024-03-10 17:00:00,2024-03-11 11:00:00
1229,WH_SUB,K1,2024-03-11 11:00:00,2024-03-13 20:00:00
1229,Delivery,Customer,2024-03-13 20:00:00,2024-03-15 23:00:00
1230,Receive,N/A,2024-03-22 08:00:00,2024-03-22 17:00:00
1230,WH_MAIN,WH_MAIN,2024-03-22 17:00:00,2024-03-23 04:00:00
1230,WH_SUB,K1,2024-03-23 04:00:00,2024-03-26 00:00:00
1230,Delivery,Customer,2024-03-26 00:00:00,2024-03-29 18:00:00
1231,Receive,N/A,2024-03-11 08:00:00,2024-03-11 11:00:00
1231,WH_MAIN,WH_MAIN,2024-03-11 11:00:00,2024-03-12 01:00:00
1231,WH_SUB,K1,2024-03-12 01:00:00,2024-03-13 03:00:00
1231,Delivery,Customer,2024-03-13 03:00:00,2024-03-15 07:00:00
1232,Receive,N/A,2024-03-23 08:00:00,2024-03-23 14:00:00
1232,WH_MAIN,WH_MAIN,2024-03-23 14:00:00,2024-03-24 02:00:00
1232,WH_SUB,K1,2024-03-24 02:00:00,2024-03-27 02:00:00
1232,Delivery,Customer,2024-03-27 02:00:00,2024-03-29 21:00:00
1233,Receive,N/A,2024-03-17 08:00:00,2024-03-17 10:00:00
1233,WH_MAIN,WH_MAIN,2024-03-17 10:00:00,2024-03-18 01:00:00
1233,WH_SUB,K2,2024-03-18 01:00:00,2024-03-20 11:00:00
1233,Delivery,Customer,2024-03-20 11:00:00,2024-03-23 03:00:00
1234,Receive,N/A,2024-03-05 08:00:00,2024-03-05 17:00:00
1234,WH_MAIN,WH_MAIN,2024-03-05 17:00:00,2024-03-06 01:00:00
1234,WH_SUB,K2,2024-03-06 01:00:00,2024-03-08 14:00:00
1234,Delivery,Customer,2024-03-08 14:00:00,2024-03-12 12:00:00
1235,Receive,N/A,2024-03-21 08:00:00,2024-03-21 18:00:00
1235,WH_MAIN,WH_MAIN,2024-03-21 18:00:00,2024-03-22 04:00:00
1235,WH_SUB,K2,2024-03-22 04:00:00,2024-03-24 13:00:00
1235,Delivery,Customer,2024-03-24 13:00:00,2024-03-26 15:00:00
1236,Receive,N/A,2024-03-20 08:00:00,2024-03-20 18:00:00
1236,WH_MAIN,WH_MAIN,2024-03-20 18:00:00,2024-03-21 01:00:00
1236,WH_SUB,K1,2024-03-21 01:00:00,2024-03-22 12:00:00
1236,Delivery,Customer,2024-03-22 12:00:00,2024-03-25 02:00:00
1237,Receive,N/A,2024-03-31 08:00:00,2024-03-31 17:00:00
1237,WH_MAIN,WH_MAIN,2024-03-31 17:00:00,2024-04-01 09:00:00
1237,WH_SUB,K2,2024-04-01 09:00:00,2024-04-03 18:00:00
1237,Delivery,Customer,2024-04-03 18:00:00,2024-04-06 08:00:00
1238,Receive,N/A,2024-03-04 08:00:00,2024-03-04 15:00:00
1238,WH_MAIN,WH_MAIN,2024-03-04 15:00:00,2024-03-05 01:00:00
1238,WH_SUB,K4,2024-03-05 01:00:00,2024-03-08 00:00:00
1238,Delivery,Customer,2024-03-08 00:00:00,2024-03-10 05:00:00
1239,Receive,N/A,2024-03-23 08:00:00,2024-03-23 14:00:00
1239,WH_MAIN,WH_MAIN,2024-03-23 14:00:00,2024-03-24 08:00:00
1239,WH_SUB,K2,2024-03-24 08:00:00,2024-03-26 11:00:00
1239,Delivery,Customer,2024-03-26 11:00:00,2024-03-29 03:00:00
1240,Receive,N/A,2024-03-15 08:00:00,2024-03-15 11:00:00
1240,WH_MAIN,WH_MAIN,2024-03-15 11:00:00,2024-03-16 05:00:00
1240,WH_SUB,K4,2024-03-16 05:00:00,2024-03-17 07:00:00
1240,Delivery,Customer,2024-03-17 07:00:00,2024-03-20 16:00:00
1241,Receive,N/A,2024-03-27 08:00:00,2024-03-27 17:00:00
1241,WH_MAIN,WH_MAIN,2024-03-27 17:00:00,2024-03-28 11:00:00
1241,WH_SUB,K1,2024-03-28 11:00:00,2024-03-29 16:00:00
1241,Delivery,Customer,2024-03-29 16:00:00,2024-04-01 07:00:00
1242,Receive,N/A,2024-03-28 08:00:00,2024-03-28 17:00:00
1242,WH_MAIN,WH_MAIN,2024-03-28 17:00:00,2024-03-29 09:00:00
1242,WH_SUB,K3,2024-03-29 09:00:00,2024-04-01 08:00:00
1242,Delivery,Customer,2024-04-01 08:00:00,2024-04-05 02:00:00
1243,Receive,N/A,2024-03-14 08:00:00,2024-03-14 18:00:00
1243,WH_MAIN,WH_MAIN,2024-03-14 18:00:00,2024-03-15 03:00:00
1243,WH_SUB,K3,2024-03-15 03:00:00,2024-03-17 05:00:00
1243,Delivery,Customer,2024-03-17 05:00:00,2024-03-19 11:00:00
1244,Receive,N/A,2024-03-26 08:00:00,2024-03-26 14:00:00
1244,WH_MAIN,WH_MAIN,2024-03-26 14:00:00,2024-03-27 05:00:00
1244,WH_SUB,K1,2024-03-27 05:00:00,2024-03-29 11:00:00
1244,Delivery,Customer,2024-03-29 11:00:00,2024-03-31 20:00:00
1245,Receive,N/A,2024-03-31 08:00:00,2024-03-31 14:00:00
1245,WH_MAIN,WH_MAIN,2024-03-31 14:00:00,2024-03-31 21:00:00
1245,WH_SUB,K3,2024-03-31 21:00:00,2024-04-03 08:00:00
1245,Delivery,Customer,2024-04-03 08:00:00,2024-04-05 20:00:00
1246,Receive,N/A,2024-03-16 08:00:00,2024-03-16 16:00:00
1246,WH_MAIN,WH_MAIN,2024-03-16 16:00:00,2024-03-17 10:00:00
1246,WH_SUB,K1,2024-03-17 10:00:00,2024-03-20 07:00:00
1246,Delivery,Customer,2024-03-20 07:00:00,2024-03-23 23:00:00
1247,Receive,N/A,2024-03-21 08:00:00,2024-03-21 10:00:00
1247,WH_MAIN,WH_MAIN,2024-03-21 10:00:00,2024-03-21 17:00:00
1247,WH_SUB,K3,2024-03-21 17:00:00,2024-03-23 16:00:00
1247,Delivery,Customer,2024-03-23 16:00:00,2024-03-27 15:00:00
1248,Receive,N/A,2024-03-12 08:00:00,2024-03-12 15:00:00
1248,WH_MAIN,WH_MAIN,2024-03-12 15:00:00,2024-03-13 03:00:00
1248,WH_SUB,K4,2024-03-13 03:00:00,2024-03-14 12:00:00
1248,Delivery,Customer,2024-03-14 12:00:00,2024-03-17 21:00:00
1249,Receive,N/A,2024-03-05 08:00:00,2024-03-05 14:00:00
1249,WH_MAIN,WH_MAIN,2024-03-05 14:00:00,2024-03-05 23:00:00
1249,WH_SUB,K4,2024-03-05 23:00:00,2024-03-07 18:00:00
1249,Delivery,Customer,2024-03-07 18:00:00,2024-03-09 21:00:00
1250,Receive,N/A,2024-03-04 08:00:00,2024-03-04 10:00:00
1250,WH_MAIN,WH_MAIN,2024-03-04 10:00:00,2024-03-04 16:00:00
1250,WH_SUB,K1,2024-03-04 16:00:00,2024-03-06 01:00:00
1250,Delivery,Customer,2024-03-06 01:00:00,2024-03-08 22:00:00
1251,Receive,N/A,2024-03-15 08:00:00,2024-03-15 17:00:00
1251,WH_MAIN,WH_MAIN,2024-03-15 17:00:00,2024-03-16 00:00:00
1251,WH_SUB,K3,2024-03-16 00:00:00,2024-03-17 13:00:00
1252,Receive,N/A,2024-03-10 08:00:00,2024-03-10 13:00:00
1252,WH_MAIN,WH_MAIN,2024-03-10 13:00:00,2024-03-10 22:00:00
1252,WH_SUB,K2,2024-03-10 22:00:00,2024-03-12 09:00:00
1252,Delivery,Customer,2024-03-12 09:00:00,2024-03-14 19:00:00
1253,Receive,N/A,2024-04-30 08:00:00,2024-04-30 10:00:00
1253,WH_MAIN,WH_MAIN,2024-04-30 10:00:00,2024-04-30 18:00:00
1253,WH_SUB,K3,2024-04-30 18:00:00,2024-05-02 16:00:00
1253,Delivery,Customer,2024-05-02 16:00:00,2024-05-06 13:00:00
1254,Receive,N/A,2024-04-26 08:00:00,2024-04-26 11:00:00
1255,Receive,N/A,2024-04-14 08:00:00,2024-04-14 10:00:00
1255,WH_MAIN,WH_MAIN,2024-04-14 10:00:00,2024-04-15 00:00:00
1255,WH_SUB,K2,2024-04-15 00:00:00,2024-04-17 14:00:00
1255,Delivery,Customer,2024-04-17 14:00:00,2024-04-20 18:00:00
1256,Receive,N/A,2024-04-23 08:00:00,2024-04-23 13:00:00
1256,WH_MAIN,WH_MAIN,2024-04-23 13:00:00,2024-04-23 22:00:00
1256,WH_SUB,K2,2024-04-23 22:00:00,2024-04-25 19:00:00
1256,Delivery,Customer,2024-04-25 19:00:00,2024-04-27 21:00:00
1257,Receive,N/A,2024-04-09 08:00:00,2024-04-09 10:00:00
1258,Receive,N/A,2024-04-23 08:00:00,2024-04-23 17:00:00
1258,WH_MAIN,WH_MAIN,2024-04-23 17:00:00,2024-04-24 03:00:00
1258,WH_SUB,K2,2024-04-24 03:00:00,2024-04-27 01:00:00
1258,Delivery,Customer,2024-04-27 01:00:00,2024-04-29 20:00:00
1259,Receive,N/A,2024-04-30 08:00:00,2024-04-30 15:00:00
1259,WH_MAIN,WH_MAIN,2024-04-30 15:00:00,2024-05-01 01:00:00
1259,WH_SUB,K4,2024-05-01 01:00:00,2024-05-02 03:00:00
1259,Delivery,Customer,2024-05-02 03:00:00,2024-05-05 16:00:00
1260,Receive,N/A,2024-04-15 08:00:00,2024-04-15 11:00:00
1260,WH_MAIN,WH_MAIN,2024-04-15 11:00:00,2024-04-15 17:00:00
1260,WH_SUB,K1,2024-04-15 17:00:00,2024-04-17 16:00:00
1260,Delivery,Customer,2024-04-17 16:00:00,2024-04-20 06:00:00
1261,Receive,N/A,2024-04-21 08:00:00,2024-04-21 17:00:00
1261,WH_MAIN,WH_MAIN,2024-04-21 17:00:00,2024-04-22 07:00:00
1261,WH_SUB,K1,2024-04-22 07:00:00,2024-04-23 23:00:00
1261,Delivery,Customer,2024-04-23 23:00:00,2024-04-26 06:00:00
1262,Receive,N/A,2024-04-17 08:00:00,2024-04-17 11:00:00
1262,WH_MAIN,WH_MAIN,2024-04-17 11:00:00,2024-04-17 19:00:00
1262,WH_SUB,K1,2024-04-17 19:00:00,2024-04-19 23:00:00
1262,Delivery,Customer,2024-04-19 23:00:00,2024-04-22 22:00:00
1263,Receive,N/A,2024-04-23 08:00:00,2024-04-23 12:00:00
1263,WH_MAIN,WH_MAIN,2024-04-23 12:00:00,2024-04-24 02:00:00
1263,WH_SUB,K3,2024-04-24 02:00:00,2024-04-26 07:00:00
1263,Delivery,Customer,2024-04-26 07:00:00,2024-04-28 23:00:00
1264,Receive,N/A,2024-04-22 08:00:00,2024-04-22 13:00:00
1264,WH_MAIN,WH_MAIN,2024-04-22 13:00:00,2024-04-23 00:00:00
1264,WH_SUB,K1,2024-04-23 00:00:00,2024-04-25 23:00:00
1264,Delivery,Customer,2024-04-25 23:00:00,2024-04-28 20:00:00
1265,Receive,N/A,2024-04-03 08:00:00,2024-04-03 15:00:00
1265,WH_MAIN,WH_MAIN,2024-04-03 15:00:00,2024-04-03 22:00:00
1265,WH_SUB,K4,2024-04-03 22:00:00,2024-04-05 05:00:00
1265,Delivery,Customer,2024-04-05 05:00:00,2024-04-07 17:00:00
1266,Receive,N/A,2024-04-11 08:00:00,2024-04-11 10:00:00
1266,WH_MAIN,WH_MAIN,2024-04-11 10:00:00,2024-04-11 17:00:00
1266,WH_SUB,K3,2024-04-11 17:00:00,2024-04-13 22:00:00
1266,Delivery,Customer,2024-04-13 22:00:00,2024-04-17 19:00:00
1267,Receive,N/A,2024-04-08 08:00:00,2024-04-08 15:00:00
1267,WH_MAIN,WH_MAIN,2024-04-08 15:00:00,2024-04-09 09:00:00
1267,WH_SUB,K3,2024-04-09 09:00:00,2024-04-11 09:00:00
1267,Delivery,Customer,2024-04-11 09:00:00,2024-04-14 22:00:00
1268,Receive,N/A,2024-04-11 08:00:00,2024-04-11 18:00:00
1268,WH_MAIN,WH_MAIN,2024-04-11 18:00:00,2024-04-12 05:00:00
1268,WH_SUB,K1,2024-04-12 05:00:00,2024-04-14 04:00:00
1268,Delivery,Customer,2024-04-14 04:00:00,2024-04-16 15:00:00
1269,Receive,N/A,2024-04-23 08:00:00,2024-04-23 18:00:00
1269,WH_MAIN,WH_MAIN,2024-04-23 18:00:00,2024-04-24 05:00:00
1269,WH_SUB,K2,2024-04-24 05:00:00,2024-04-26 02:00:00
1269,Delivery,Customer,2024-04-26 02:00:00,2024-04-29 10:00:00
1270,Receive,N/A,2024-04-16 08:00:00,2024-04-16 17:00:00
1270,WH_MAIN,WH_MAIN,2024-04-16 17:00:00,2024-04-17 10:00:00
1270,WH_SUB,K3,2024-04-17 10:00:00,2024-04-19 18:00:00
1270,Delivery,Customer,2024-04-19 18:00:00,2024-04-23 02:00:00
1271,Receive,N/A,2024-04-08 08:00:00,2024-04-08 18:00:00
1271,WH_MAIN,WH_MAIN,2024-04-08 18:00:00,2024-04-09 00:00:00
1271,WH_SUB,K1,2024-04-09 00:00:00,2024-04-11 01:00:00
1271,Delivery,Customer,2024-04-11 01:00:00,2024-04-13 02:00:00
1272,Receive,N/A,2024-04-25 08:00:00,2024-04-25 15:00:00
1272,WH_MAIN,WH_MAIN,2024-04-25 15:00:00,2024-04-26 06:00:00
1272,WH_SUB,K3,2024-04-26 06:00:00,2024-04-27 20:00:00
1272,Delivery,Customer,2024-04-27 20:00:00,2024-05-01 15:00:00
1273,Receive,N/A,2024-04-24 08:00:00,2024-04-24 10:00:00
1274,Receive,N/A,2024-04-08 08:00:00,2024-04-08 12:00:00
1274,WH_MAIN,WH_MAIN,2024-04-08 12:00:00,2024-04-09 02:00:00
1274,WH_SUB,K2,2024-04-09 02:00:00,2024-04-10 10:00:00
1274,Delivery,Customer,2024-04-10 10:00:00,2024-04-13 17:00:00
1275,Receive,N/A,2024-04-05 08:00:00,2024-04-05 18:00:00
1275,WH_MAIN,WH_MAIN,2024-04-05 18:00:00,2024-04-06 07:00:00
1275,WH_SUB,K4,2024-04-06 07:00:00,2024-04-07 14:00:00
1275,Delivery,Customer,2024-04-07 14:00:00,2024-04-10 09:00:00
1276,Receive,N/A,2024-04-08 08:00:00,2024-04-08 16:00:00
1276,WH_MAIN,WH_MAIN,2024-04-08 16:00:00,2024-04-09 01:00:00
1276,WH_SUB,K2,2024-04-09 01:00:00,2024-04-10 22:00:00
1276,Delivery,Customer,2024-04-10 22:00:00,2024-04-13 00:00:00
1277,Receive,N/A,2024-04-30 08:00:00,2024-04-30 18:00:00
1277,WH_MAIN,WH_MAIN,2024-04-30 18:00:00,2024-05-01 10:00:00
1277,WH_SUB,K4,2024-05-01 10:00:00,2024-05-03 03:00:00
1277,Delivery,Customer,2024-05-03 03:00:00,2024-05-06 01:00:00
1278,Receive,N/A,2024-04-12 08:00:00,2024-04-12 18:00:00
1278,WH_MAIN,WH_MAIN,2024-04-12 18:00:00,2024-04-13 09:00:00
1278,WH_SUB,K3,2024-04-13 09:00:00,2024-04-15 03:00:00
1279,Receive,N/A,2024-04-30 08:00:00,2024-04-30 13:00:00
1279,WH_MAIN,WH_MAIN,2024-04-30 13:00:00,2024-05-01 07:00:00
1279,WH_SUB,K2,2024-05-01 07:00:00,2024-05-03 14:00:00
1279,Delivery,Customer,2024-05-03 14:00:00,2024-05-06 07:00:00
1280,Receive,N/A,2024-04-29 08:00:00,2024-04-29 15:00:00
1280,WH_MAIN,WH_MAIN,2024-04-29 15:00:00,2024-04-30 02:00:00
1280,WH_SUB,K2,2024-04-30 02:00:00,2024-05-02 14:00:00
1281,Receive,N/A,2024-04-03 08:00:00,2024-04-03 18:00:00
1281,WH_MAIN,WH_MAIN,2024-04-03 18:00:00,2024-04-04 11:00:00
1281,WH_SUB,K1,2024-04-04 11:00:00,2024-04-05 20:00:00
1281,Delivery,Customer,2024-04-05 20:00:00,2024-04-09 00:00:00
1282,Receive,N/A,2024-04-15 08:00:00,2024-04-15 15:00:00
1282,WH_MAIN,WH_MAIN,2024-04-15 15:00:00,2024-04-15 21:00:00
1282,WH_SUB,K1,2024-04-15 21:00:00,2024-04-17 03:00:00
1282,Delivery,Customer,2024-04-17 03:00:00,2024-04-20 08:00:00
1283,Receive,N/A,2024-04-16 08:00:00,2024-04-16 14:00:00
1283,WH_MAIN,WH_MAIN,2024-04-16 14:00:00,2024-04-17 08:00:00
1283,WH_SUB,K2,2024-04-17 08:00:00,2024-04-19 07:00:00
1283,Delivery,Customer,2024-04-19 07:00:00,2024-04-21 10:00:00
1284,Receive,N/A,2024-04-13 08:00:00,2024-04-13 13:00:00
1284,WH_MAIN,WH_MAIN,2024-04-13 13:00:00,2024-04-13 20:00:00
1284,WH_SUB,K2,2024-04-13 20:00:00,2024-04-16 20:00:00
1284,Delivery,Customer,2024-04-16 20:00:00,2024-04-20 12:00:00
1285,Receive,N/A,2024-04-05 08:00:00,2024-04-05 13:00:00
1285,WH_MAIN,WH_MAIN,2024-04-05 13:00:00,2024-04-05 20:00:00
1285,WH_SUB,K4,2024-04-05 20:00:00,2024-04-08 07:00:00
1285,Delivery,Customer,2024-04-08 07:00:00,2024-04-11 16:00:00
1286,Receive,N/A,2024-04-05 08:00:00,2024-04-05 13:00:00
1286,WH_MAIN,WH_MAIN,2024-04-05 13:00:00,2024-04-06 04:00:00
1286,WH_SUB,K2,2024-04-06 04:00:00,2024-04-07 15:00:00
1286,Delivery,Customer,2024-04-07 15:00:00,2024-04-10 08:00:00
1287,Receive,N/A,2024-04-06 08:00:00,2024-04-06 17:00:00
1287,WH_MAIN,WH_MAIN,2024-04-06 17:00:00,2024-04-06 23:00:00
1287,WH_SUB,K3,2024-04-06 23:00:00,2024-04-09 00:00:00
1287,Delivery,Customer,2024-04-09 00:00:00,2024-04-12 23:00:00
1288,Receive,N/A,2024-04-23 08:00:00,2024-04-23 16:00:00
1288,WH_MAIN,WH_MAIN,2024-04-23 16:00:00,2024-04-23 23:00:00
1288,WH_SUB,K1,2024-04-23 23:00:00,2024-04-26 11:00:00
1288,Delivery,Customer,2024-04-26 11:00:00,2024-04-30 07:00:00
1289,Receive,N/A,2024-04-05 08:00:00,2024-04-05 18:00:00
1289,WH_MAIN,WH_MAIN,2024-04-05 18:00:00,2024-04-06 11:00:00
1289,WH_SUB,K3,2024-04-06 11:00:00,2024-04-09 09:00:00
1289,Delivery,Customer,2024-04-09 09:00:00,2024-04-12 23:00:00
1290,Receive,N/A,2024-04-27 08:00:00,2024-04-27 18:00:00
1290,WH_MAIN,WH_MAIN,2024-04-27 18:00:00,2024-04-28 06:00:00
1290,WH_SUB,K2,2024-04-28 06:00:00,2024-04-29 22:00:00
1290,Delivery,Customer,2024-04-29 22:00:00,2024-05-03 01:00:00
1291,Receive,N/A,2024-04-13 08:00:00,2024-04-13 11:00:00
1291,WH_MAIN,WH_MAIN,2024-04-13 11:00:00,2024-04-13 21:00:00
1291,WH_SUB,K3,2024-04-13 21:00:00,2024-04-14 21:00:00
1291,Delivery,Customer,2024-04-14 21:00:00,2024-04-18 08:00:00
1292,Receive,N/A,2024-04-06 08:00:00,2024-04-06 16:00:00
1292,WH_MAIN,WH_MAIN,2024-04-06 16:00:00,2024-04-07 08:00:00
1292,WH_SUB,K2,2024-04-07 08:00:00,2024-04-08 17:00:00
1292,Delivery,Customer,2024-04-08 17:00:00,2024-04-11 06:00:00
1293,Receive,N/A,2024-04-15 08:00:00,2024-04-15 18:00:00
1293,WH_MAIN,WH_MAIN,2024-04-15 18:00:00,2024-04-16 03:00:00
1293,WH_SUB,K2,2024-04-16 03:00:00,2024-04-17 10:00:00
1293,Delivery,Customer,2024-04-17 10:00:00,2024-04-19 10:00:00
1294,Receive,N/A,2024-04-22 08:00:00,2024-04-22 18:00:00
1294,WH_MAIN,WH_MAIN,2024-04-22 18:00:00,2024-04-23 03:00:00
1294,WH_SUB,K4,2024-04-23 03:00:00,2024-04-25 21:00:00
1294,Delivery,Customer,2024-04-25 21:00:00,2024-04-29 09:00:00
1295,Receive,N/A,2024-04-21 08:00:00,2024-04-21 14:00:00
1295,WH_MAIN,WH_MAIN,2024-04-21 14:00:00,2024-04-22 03:00:00
1295,WH_SUB,K4,2024-04-22 03:00:00,2024-04-24 06:00:00
1295,Delivery,Customer,2024-04-24 06:00:00,2024-04-26 11:00:00
1296,Receive,N/A,2024-04-24 08:00:00,2024-04-24 13:00:00
1296,WH_MAIN,WH_MAIN,2024-04-24 13:00:00,2024-04-24 20:00:00
1296,WH_SUB,K1,2024-04-24 20:00:00,2024-04-26 04:00:00
1296,Delivery,Customer,2024-04-26 04:00:00,2024-04-28 23:00:00
1297,Receive,N/A,2024-04-10 08:00:00,2024-04-10 10:00:00
1297,WH_MAIN,WH_MAIN,2024-04-10 10:00:00,2024-04-10 21:00:00
1297,WH_SUB,K3,2024-04-10 21:00:00,2024-04-13 09:00:00
1298,Receive,N/A,2024-04-26 08:00:00,2024-04-26 14:00:00
1298,WH_MAIN,WH_MAIN,2024-04-26 14:00:00,2024-04-26 22:00:00
1298,WH_SUB,K4,2024-04-26 22:00:00,2024-04-28 11:00:00
1298,Delivery,Customer,2024-04-28 11:00:00,2024-05-01 06:00:00
1299,Receive,N/A,2024-04-22 08:00:00,2024-04-22 14:00:00
1299,WH_MAIN,WH_MAIN,2024-04-22 14:00:00,2024-04-23 06:00:00
1299,WH_SUB,K3,2024-04-23 06:00:00,2024-04-25 15:00:00
1299,Delivery,Customer,2024-04-25 15:00:00,2024-04-28 19:00:00
1300,Receive,N/A,2024-04-21 08:00:00,2024-04-21 18:00:00
1300,WH_MAIN,WH_MAIN,2024-04-21 18:00:00,2024-04-22 07:00:00
1300,WH_SUB,K1,2024-04-22 07:00:00,2024-04-25 05:00:00
1300,Delivery,Customer,2024-04-25 05:00:00,2024-04-28 03:00:00
1301,Receive,N/A,2024-04-04 08:00:00,2024-04-04 15:00:00
1301,WH_MAIN,WH_MAIN,2024-04-04 15:00:00,2024-04-05 09:00:00
1301,WH_SUB,K4,2024-04-05 09:00:00,2024-04-07 00:00:00
1302,Receive,N/A,2024-04-04 08:00:00,2024-04-04 16:00:00
1302,WH_MAIN,WH_MAIN,2024-04-04 16:00:00,2024-04-05 02:00:00
1302,WH_SUB,K1,2024-04-05 02:00:00,2024-04-06 09:00:00
1302,Delivery,Customer,2024-04-06 09:00:00,2024-04-09 22:00:00
1303,Receive,N/A,2024-04-30 08:00:00,2024-04-30 14:00:00
1304,Receive,N/A,2024-04-17 08:00:00,2024-04-17 11:00:00
1304,WH_MAIN,WH_MAIN,2024-04-17 11:00:00,2024-04-17 23:00:00
1304,WH_SUB,K1,2024-04-17 23:00:00,2024-04-20 00:00:00
1304,Delivery,Customer,2024-04-20 00:00:00,2024-04-23 05:00:00
1305,Receive,N/A,2024-04-13 08:00:00,2024-04-13 11:00:00
1305,WH_MAIN,WH_MAIN,2024-04-13 11:00:00,2024-04-14 02:00:00
1305,WH_SUB,K4,2024-04-14 02:00:00,2024-04-17 00:00:00
1305,Delivery,Customer,2024-04-17 00:00:00,2024-04-19 11:00:00
1306,Receive,N/A,2024-04-02 08:00:00,2024-04-02 17:00:00
1306,WH_MAIN,WH_MAIN,2024-04-02 17:00:00,2024-04-03 02:00:00
1306,WH_SUB,K1,2024-04-03 02:00:00,2024-04-04 02:00:00
1306,Delivery,Customer,2024-04-04 02:00:00,2024-04-06 17:00:00
1307,Receive,N/A,2024-04-25 08:00:00,2024-04-25 14:00:00
1307,WH_MAIN,WH_MAIN,2024-04-25 14:00:00,2024-04-26 04:00:00
1307,WH_SUB,K1,2024-04-26 04:00:00,2024-04-28 05:00:00
1307,Delivery,Customer,2024-04-28 05:00:00,2024-04-30 06:00:00
1308,Receive,N/A,2024-04-23 08:00:00,2024-04-23 11:00:00
1308,WH_MAIN,WH_MAIN,2024-04-23 11:00:00,2024-04-24 01:00:00
1308,WH_SUB,K4,2024-04-24 01:00:00,2024-04-26 09:00:00
1308,Delivery,Customer,2024-04-26 09:00:00,2024-04-30 08:00:00
1309,Receive,N/A,2024-04-11 08:00:00,2024-04-11 18:00:00
1309,WH_MAIN,WH_MAIN,2024-04-11 18:00:00,2024-04-12 08:00:00
1309,WH_SUB,K3,2024-04-12 08:00:00,2024-04-13 18:00:00
1309,Delivery,Customer,2024-04-13 18:00:00,2024-04-17 07:00:00
1310,Receive,N/A,2024-04-12 08:00:00,2024-04-12 13:00:00
1310,WH_MAIN,WH_MAIN,2024-04-12 13:00:00,2024-04-13 00:00:00
1310,WH_SUB,K3,2024-04-13 00:00:00,2024-04-15 09:00:00
1310,Delivery,Customer,2024-04-15 09:00:00,2024-04-19 01:00:00
1311,Receive,N/A,2024-04-15 08:00:00,2024-04-15 16:00:00
1311,WH_MAIN,WH_MAIN,2024-04-15 16:00:00,2024-04-16 08:00:00
1311,WH_SUB,K2,2024-04-16 08:00:00,2024-04-17 08:00:00
1311,Delivery,Customer,2024-04-17 08:00:00,2024-04-19 14:00:00
1312,Receive,N/A,2024-04-10 08:00:00,2024-04-10 18:00:00
1312,WH_MAIN,WH_MAIN,2024-04-10 18:00:00,2024-04-11 00:00:00
1312,WH_SUB,K4,2024-04-11 00:00:00,2024-04-12 06:00:00
1312,Delivery,Customer,2024-04-12 06:00:00,2024-04-15 00:00:00
1313,Receive,N/A,2024-04-17 08:00:00,2024-04-17 18:00:00
1313,WH_MAIN,WH_MAIN,2024-04-17 18:00:00,2024-04-18 00:00:00
1313,WH_SUB,K3,2024-04-18 00:00:00,2024-04-20 10:00:00
1313,Delivery,Customer,2024-04-20 10:00:00,2024-04-23 11:00:00
1314,Receive,N/A,2024-04-13 08:00:00,2024-04-13 12:00:00
1314,WH_MAIN,WH_MAIN,2024-04-13 12:00:00,2024-04-14 03:00:00
1314,WH_SUB,K2,2024-04-14 03:00:00,2024-04-15 04:00:00
1314,Delivery,Customer,2024-04-15 04:00:00,2024-04-17 06:00:00
1315,Receive,N/A,2024-04-09 08:00:00,2024-04-09 14:00:00
1315,WH_MAIN,WH_MAIN,2024-04-09 14:00:00,2024-04-09 21:00:00
1315,WH_SUB,K3,2024-04-09 21:00:00,2024-04-11 02:00:00
1315,Delivery,Customer,2024-04-11 02:00:00,2024-04-14 06:00:00
1316,Receive,N/A,2024-04-17 08:00:00,2024-04-17 18:00:00
1316,WH_MAIN,WH_MAIN,2024-04-17 18:00:00,2024-04-18 01:00:00
1316,WH_SUB,K4,2024-04-18 01:00:00,2024-04-21 00:00:00
1316,Delivery,Customer,2024-04-21 00:00:00,2024-04-24 19:00:00
1317,Receive,N/A,2024-04-10 08:00:00,2024-04-10 13:00:00
1317,WH_MAIN,WH_MAIN,2024-04-10 13:00:00,2024-04-11 01:00:00
1317,WH_SUB,K2,2024-04-11 01:00:00,2024-04-13 22:00:00
1317,Delivery,Customer,2024-04-13 22:00:00,2024-04-17 16:00:00
1318,Receive,N/A,2024-04-10 08:00:00,2024-04-10 14:00:00
1318,WH_MAIN,WH_MAIN,2024-04-10 14:00:00,2024-04-11 02:00:00
1318,WH_SUB,K3,2024-04-11 02:00:00,2024-04-12 17:00:00
1318,Delivery,Customer,2024-04-12 17:00:00,2024-04-15 07:00:00
1319,Receive,N/A,2024-04-28 08:00:00,2024-04-28 18:00:00
1319,WH_MAIN,WH_MAIN,2024-04-28 18:00:00,2024-04-29 02:00:00
1319,WH_SUB,K1,2024-04-29 02:00:00,2024-04-30 16:00:00
1319,Delivery,Customer,2024-04-30 16:00:00,2024-05-03 04:00:00
1320,Receive,N/A,2024-04-11 08:00:00,2024-04-11 15:00:00
1320,WH_MAIN,WH_MAIN,2024-04-11 15:00:00,2024-04-12 09:00:00
1320,WH_SUB,K1,2024-04-12 09:00:00,2024-04-13 12:00:00
1320,Delivery,Customer,2024-04-13 12:00:00,2024-04-17 09:00:00
1321,Receive,N/A,2024-04-18 08:00:00,2024-04-18 12:00:00
1321,WH_MAIN,WH_MAIN,2024-04-18 12:00:00,2024-04-19 03:00:00
1321,WH_SUB,K2,2024-04-19 03:00:00,2024-04-21 14:00:00
1321,Delivery,Customer,2024-04-21 14:00:00,2024-04-23 15:00:00
1322,Receive,N/A,2024-04-11 08:00:00,2024-04-11 10:00:00
1323,Receive,N/A,2024-04-11 08:00:00,2024-04-11 18:00:00
1323,WH_MAIN,WH_MAIN,2024-04-11 18:00:00,2024-04-12 06:00:00
1323,WH_SUB,K3,2024-04-12 06:00:00,2024-04-15 01:00:00
1323,Delivery,Customer,2024-04-15 01:00:00,2024-04-17 13:00:00
1324,Receive,N/A,2024-04-22 08:00:00,2024-04-22 16:00:00
1324,WH_MAIN,WH_MAIN,2024-04-22 16:00:00,2024-04-22 22:00:00
1324,WH_SUB,K4,2024-04-22 22:00:00,2024-04-25 15:00:00
1324,Delivery,Customer,2024-04-25 15:00:00,2024-04-29 02:00:00
1325,Receive,N/A,2024-04-28 08:00:00,2024-04-28 13:00:00
1325,WH_MAIN,WH_MAIN,2024-04-28 13:00:00,2024-04-29 01:00:00
1325,WH_SUB,K2,2024-04-29 01:00:00,2024-04-30 01:00:00
1325,Delivery,Customer,2024-04-30 01:00:00,2024-05-03 21:00:00
1326,Receive,N/A,2024-04-19 08:00:00,2024-04-19 16:00:00
1326,WH_MAIN,WH_MAIN,2024-04-19 16:00:00,2024-04-20 02:00:00
1326,WH_SUB,K2,2024-04-20 02:00:00,2024-04-21 23:00:00
1326,Delivery,Customer,2024-04-21 23:00:00,2024-04-25 00:00:00
1327,Receive,N/A,2024-04-26 08:00:00,2024-04-26 18:00:00
1327,WH_MAIN,WH_MAIN,2024-04-26 18:00:00,2024-04-27 07:00:00
1327,WH_SUB,K1,2024-04-27 07:00:00,2024-04-30 00:00:00
1327,Delivery,Customer,2024-04-30 00:00:00,2024-05-02 15:00:00
1328,Receive,N/A,2024-04-04 08:00:00,2024-04-04 10:00:00
1328,WH_MAIN,WH_MAIN,2024-04-04 10:00:00,2024-04-04 20:00:00
1328,WH_SUB,K1,2024-04-04 20:00:00,2024-04-05 23:00:00
1328,Delivery,Customer,2024-04-05 23:00:00,2024-04-08 17:00:00
1329,Receive,N/A,2024-04-27 08:00:00,2024-04-27 13:00:00
1329,WH_MAIN,WH_MAIN,2024-04-27 13:00:00,2024-04-28 04:00:00
1329,WH_SUB,K1,2024-04-28 04:00:00,2024-04-29 21:00:00
1329,Delivery,Customer,2024-04-29 21:00:00,2024-05-02 06:00:00
1330,Receive,N/A,2024-04-17 08:00:00,2024-04-17 10:00:00
1330,WH_MAIN,WH_MAIN,2024-04-17 10:00:00,2024-04-17 20:00:00
1330,WH_SUB,K4,2024-04-17 20:00:00,2024-04-20 18:00:00
1330,Delivery,Customer,2024-04-20 18:00:00,2024-04-24 13:00:00
1331,Receive,N/A,2024-04-30 08:00:00,2024-04-30 11:00:00
1331,WH_MAIN,WH_MAIN,2024-04-30 11:00:00,2024-04-30 21:00:00
1331,WH_SUB,K4,2024-04-30 21:00:00,2024-05-02 13:00:00
1331,Delivery,Customer,2024-05-02 13:00:00,2024-05-06 01:00:00
1332,Receive,N/A,2024-04-26 08:00:00,2024-04-26 12:00:00
1332,WH_MAIN,WH_MAIN,2024-04-26 12:00:00,2024-04-27 04:00:00
1332,WH_SUB,K2,2024-04-27 04:00:00,2024-04-28 13:00:00
1332,Delivery,Customer,2024-04-28 13:00:00,2024-05-01 01:00:00
1333,Receive,N/A,2024-04-25 08:00:00,2024-04-25 18:00:00
1333,WH_MAIN,WH_MAIN,2024-04-25 18:00:00,2024-04-26 01:00:00
1333,WH_SUB,K2,2024-04-26 01:00:00,2024-04-28 11:00:00
1333,Delivery,Customer,2024-04-28 11:00:00,2024-05-01 04:00:00
1334,Receive,N/A,2024-04-18 08:00:00,2024-04-18 12:00:00
1334,WH_MAIN,WH_MAIN,2024-04-18 12:00:00,2024-04-19 06:00:00
1334,WH_SUB,K1,2024-04-19 06:00:00,2024-04-21 20:00:00
1334,Delivery,Customer,2024-04-21 20:00:00,2024-04-24 06:00:00
1335,Receive,N/A,2024-04-20 08:00:00,2024-04-20 16:00:00
1335,WH_MAIN,WH_MAIN,2024-04-20 16:00:00,2024-04-21 00:00:00
1335,WH_SUB,K2,2024-04-21 00:00:00,2024-04-22 03:00:00
1335,Delivery,Customer,2024-04-22 03:00:00,2024-04-25 20:00:00
1336,Receive,N/A,2024-04-09 08:00:00,2024-04-09 16:00:00
1336,WH_MAIN,WH_MAIN,2024-04-09 16:00:00,2024-04-10 01:00:00
1336,WH_SUB,K1,2024-04-10 01:00:00,2024-04-12 16:00:00
1336,Delivery,Customer,2024-04-12 16:00:00,2024-04-16 03:00:00
1337,Receive,N/A,2024-05-18 08:00:00,2024-05-18 12:00:00
1337,WH_MAIN,WH_MAIN,2024-05-18 12:00:00,2024-05-18 18:00:00
1337,WH_SUB,K3,2024-05-18 18:00:00,2024-05-19 23:00:00
1337,Delivery,Customer,2024-05-19 23:00:00,2024-05-22 02:00:00
1338,Receive,N/A,2024-05-21 08:00:00,2024-05-21 10:00:00
1338,WH_MAIN,WH_MAIN,2024-05-21 10:00:00,2024-05-22 03:00:00
1338,WH_SUB,K1,2024-05-22 03:00:00,2024-05-24 22:00:00
1338,Delivery,Customer,2024-05-24 22:00:00,2024-05-27 18:00:00
1339,Receive,N/A,2024-05-22 08:00:00,2024-05-22 17:00:00
1339,WH_MAIN,WH_MAIN,2024-05-22 17:00:00,2024-05-23 00:00:00
1339,WH_SUB,K3,2024-05-23 00:00:00,2024-05-25 19:00:00
1339,Delivery,Customer,2024-05-25 19:00:00,2024-05-27 21:00:00
1340,Receive,N/A,2024-05-12 08:00:00,2024-05-12 15:00:00
1340,WH_MAIN,WH_MAIN,2024-05-12 15:00:00,2024-05-13 03:00:00
1340,WH_SUB,K1,2024-05-13 03:00:00,2024-05-15 22:00:00
1340,Delivery,Customer,2024-05-15 22:00:00,2024-05-18 14:00:00
1341,Receive,N/A,2024-05-06 08:00:00,2024-05-06 12:00:00
1341,WH_MAIN,WH_MAIN,2024-05-06 12:00:00,2024-05-06 21:00:00
1341,WH_SUB,K1,2024-05-06 21:00:00,2024-05-08 04:00:00
1341,Delivery,Customer,2024-05-08 04:00:00,2024-05-11 15:00:00
1342,Receive,N/A,2024-05-14 08:00:00,2024-05-14 14:00:00
1342,WH_MAIN,WH_MAIN,2024-05-14 14:00:00,2024-05-15 04:00:00
1342,WH_SUB,K3,2024-05-15 04:00:00,2024-05-16 19:00:00
1342,Delivery,Customer,2024-05-16 19:00:00,2024-05-20 00:00:00
1343,Receive,N/A,2024-05-20 08:00:00,2024-05-20 18:00:00
1343,WH_MAIN,WH_MAIN,2024-05-20 18:00:00,2024-05-21 11:00:00
1343,WH_SUB,K1,2024-05-21 11:00:00,2024-05-23 03:00:00
1343,Delivery,Customer,2024-05-23 03:00:00,2024-05-25 10:00:00
1344,Receive,N/A,2024-05-18 08:00:00,2024-05-18 13:00:00
1344,WH_MAIN,WH_MAIN,2024-05-18 13:00:00,2024-05-19 07:00:00
1344,WH_SUB,K1,2024-05-19 07:00:00,2024-05-21 05:00:00
1344,Delivery,Customer,2024-05-21 05:00:00,2024-05-24 20:00:00
1345,Receive,N/A,2024-05-14 08:00:00,2024-05-14 15:00:00
1346,Receive,N/A,2024-05-17 08:00:00,2024-05-17 17:00:00
1346,WH_MAIN,WH_MAIN,2024-05-17 17:00:00,2024-05-17 23:00:00
1346,WH_SUB,K1,2024-05-17 23:00:00,2024-05-20 04:00:00
1346,Delivery,Customer,2024-05-20 04:00:00,2024-05-22 09:00:00
1347,Receive,N/A,2024-05-01 08:00:00,2024-05-01 15:00:00
1347,WH_MAIN,WH_MAIN,2024-05-01 15:00:00,2024-05-02 03:00:00
1347,WH_SUB,K1,2024-05-02 03:00:00,2024-05-04 10:00:00
1347,Delivery,Customer,2024-05-04 10:00:00,2024-05-07 01:00:00
1348,Receive,N/A,2024-05-15 08:00:00,2024-05-15 15:00:00
1348,WH_MAIN,WH_MAIN,2024-05-15 15:00:00,2024-05-16 09:00:00
1348,WH_SUB,K2,2024-05-16 09:00:00,2024-05-17 22:00:00
1348,Delivery,Customer,2024-05-17 22:00:00,2024-05-20 20:00:00
1349,Receive,N/A,2024-05-02 08:00:00,2024-05-02 11:00:00
1349,WH_MAIN,WH_MAIN,2024-05-02 11:00:00,2024-05-03 01:00:00
1349,WH_SUB,K1,2024-05-03 01:00:00,2024-05-04 21:00:00
1349,Delivery,Customer,2024-05-04 21:00:00,2024-05-07 05:00:00
1350,Receive,N/A,2024-05-28 08:00:00,2024-05-28 10:00:00
1350,WH_MAIN,WH_MAIN,2024-05-28 10:00:00,2024-05-28 19:00:00
1350,WH_SUB,K1,2024-05-28 19:00:00,2024-05-30 17:00:00
1351,Receive,N/A,2024-05-13 08:00:00,2024-05-13 11:00:00
1351,WH_MAIN,WH_MAIN,2024-05-13 11:00:00,2024-05-13 19:00:00
1351,WH_SUB,K1,2024-05-13 19:00:00,2024-05-15 16:00:00
1351,Delivery,Customer,2024-05-15 16:00:00,2024-05-18 13:00:00
1352,Receive,N/A,2024-05-15 08:00:00,2024-05-15 14:00:00
1352,WH_MAIN,WH_MAIN,2024-05-15 14:00:00,2024-05-16 07:00:00
1352,WH_SUB,K3,2024-05-16 07:00:00,2024-05-19 07:00:00
1352,Delivery,Customer,2024-05-19 07:00:00,2024-05-22 00:00:00
1353,Receive,N/A,2024-05-01 08:00:00,2024-05-01 12:00:00
1353,WH_MAIN,WH_MAIN,2024-05-01 12:00:00,2024-05-02 03:00:00
1353,WH_SUB,K1,2024-05-02 03:00:00,2024-05-04 08:00:00
1353,Delivery,Customer,2024-05-04 08:00:00,2024-05-06 10:00:00
1354,Receive,N/A,2024-05-29 08:00:00,2024-05-29 16:00:00
1354,WH_MAIN,WH_MAIN,2024-05-29 16:00:00,2024-05-30 06:00:00
1354,WH_SUB,K2,2024-05-30 06:00:00,2024-05-31 20:00:00
1354,Delivery,Customer,2024-05-31 20:00:00,2024-06-02 21:00:00
1355,Receive,N/A,2024-05-09 08:00:00,2024-05-09 11:00:00
1355,WH_MAIN,WH_MAIN,2024-05-09 11:00:00,2024-05-09 20:00:00
1355,WH_SUB,K2,2024-05-09 20:00:00,2024-05-11 13:00:00
1355,Delivery,Customer,2024-05-11 13:00:00,2024-05-14 13:00:00
1356,Receive,N/A,2024-05-29 08:00:00,2024-05-29 11:00:00
1356,WH_MAIN,WH_MAIN,2024-05-29 11:00:00,2024-05-29 22:00:00
1356,WH_SUB,K2,2024-05-29 22:00:00,2024-06-01 06:00:00
1357,Receive,N/A,2024-05-19 08:00:00,2024-05-19 10:00:00
1357,WH_MAIN,WH_MAIN,2024-05-19 10:00:00,2024-05-19 21:00:00
1357,WH_SUB,K2,2024-05-19 21:00:00,2024-05-20 23:00:00
1358,Receive,N/A,2024-05-03 08:00:00,2024-05-03 15:00:00
1358,WH_MAIN,WH_MAIN,2024-05-03 15:00:00,2024-05-04 01:00:00
1358,WH_SUB,K2,2024-05-04 01:00:00,2024-05-06 10:00:00
1358,Delivery,Customer,2024-05-06 10:00:00,2024-05-09 19:00:00
1359,Receive,N/A,2024-05-02 08:00:00,2024-05-02 13:00:00
1359,WH_MAIN,WH_MAIN,2024-05-02 13:00:00,2024-05-02 22:00:00
1359,WH_SUB,K3,2024-05-02 22:00:00,2024-05-05 18:00:00
1359,Delivery,Customer,2024-05-05 18:00:00,2024-05-09 01:00:00
1360,Receive,N/A,2024-05-13 08:00:00,2024-05-13 13:00:00
1360,WH_MAIN,WH_MAIN,2024-05-13 13:00:00,2024-05-14 06:00:00
1360,WH_SUB,K3,2024-05-14 06:00:00,2024-05-15 11:00:00
1360,Delivery,Customer,2024-05-15 11:00:00,2024-05-19 05:00:00
1361,Receive,N/A,2024-05-13 08:00:00,2024-05-13 11:00:00
1361,WH_MAIN,WH_MAIN,2024-05-13 11:00:00,2024-05-13 19:00:00
1361,WH_SUB,K3,2024-05-13 19:00:00,2024-05-14 23:00:00
1361,Delivery,Customer,2024-05-14 23:00:00,2024-05-17 08:00:00
1362,Receive,N/A,2024-05-10 08:00:00,2024-05-10 18:00:00
1362,WH_MAIN,WH_MAIN,2024-05-10 18:00:00,2024-05-11 10:00:00
1362,WH_SUB,K4,2024-05-11 10:00:00,2024-05-13 16:00:00
1362,Delivery,Customer,2024-05-13 16:00:00,2024-05-16 00:00:00
1363,Receive,N/A,2024-05-31 08:00:00,2024-05-31 16:00:00
1363,WH_MAIN,WH_MAIN,2024-05-31 16:00:00,2024-06-01 00:00:00
1363,WH_SUB,K1,2024-06-01 00:00:00,2024-06-02 08:00:00
1363,Delivery,Customer,2024-06-02 08:00:00,2024-06-06 05:00:00
1364,Receive,N/A,2024-05-30 08:00:00,2024-05-30 12:00:00
1364,WH_MAIN,WH_MAIN,2024-05-30 12:00:00,2024-05-31 05:00:00
1364,WH_SUB,K4,2024-05-31 05:00:00,2024-06-02 13:00:00
1364,Delivery,Customer,2024-06-02 13:00:00,2024-06-06 03:00:00
1365,Receive,N/A,2024-05-10 08:00:00,2024-05-10 17:00:00
1365,WH_MAIN,WH_MAIN,2024-05-10 17:00:00,2024-05-11 05:00:00
1365,WH_SUB,K2,2024-05-11 05:00:00,2024-05-13 09:00:00
1365,Delivery,Customer,2024-05-13 09:00:00,2024-05-16 22:00:00
1366,Receive,N/A,2024-05-20 08:00:00,2024-05-20 16:00:00
1366,WH_MAIN,WH_MAIN,2024-05-20 16:00:00,2024-05-21 02:00:00
1366,WH_SUB,K3,2024-05-21 02:00:00,2024-05-23 12:00:00
1366,Delivery,Customer,2024-05-23 12:00:00,2024-05-26 15:00:00
1367,Receive,N/A,2024-05-13 08:00:00,2024-05-13 15:00:00
1367,WH_MAIN,WH_MAIN,2024-05-13 15:00:00,2024-05-14 01:00:00
1367,WH_SUB,K3,2024-05-14 01:00:00,2024-05-15 22:00:00
1368,Receive,N/A,2024-05-24 08:00:00,2024-05-24 16:00:00
1368,WH_MAIN,WH_MAIN,2024-05-24 16:00:00,2024-05-25 08:00:00
1368,WH_SUB,K2,2024-05-25 08:00:00,2024-05-27 04:00:00
1368,Delivery,Customer,2024-05-27 04:00:00,2024-05-29 18:00:00
1369,Receive,N/A,2024-05-02 08:00:00,2024-05-02 14:00:00
1369,WH_MAIN,WH_MAIN,2024-05-02 14:00:00,2024-05-03 05:00:00
1369,WH_SUB,K4,2024-05-03 05:00:00,2024-05-05 19:00:00
1369,Delivery,Customer,2024-05-05 19:00:00,2024-05-08 07:00:00
1370,Receive,N/A,2024-05-24 08:00:00,2024-05-24 14:00:00
1370,WH_MAIN,WH_MAIN,2024-05-24 14:00:00,2024-05-25 08:00:00
1370,WH_SUB,K2,2024-05-25 08:00:00,2024-05-27 04:00:00
1370,Delivery,Customer,2024-05-27 04:00:00,2024-05-30 16:00:00
1371,Receive,N/A,2024-05-17 08:00:00,2024-05-17 13:00:00
1371,WH_MAIN,WH_MAIN,2024-05-17 13:00:00,2024-05-17 19:00:00
1371,WH_SUB,K4,2024-05-17 19:00:00,2024-05-19 05:00:00
1371,Delivery,Customer,2024-05-19 05:00:00,2024-05-22 06:00:00
1372,Receive,N/A,2024-05-13 08:00:00,2024-05-13 13:00:00
1372,WH_MAIN,WH_MAIN,2024-05-13 13:00:00,2024-05-14 06:00:00
1372,WH_SUB,K4,2024-05-14 06:00:00,2024-05-15 23:00:00
1372,Delivery,Customer,2024-05-15 23:00:00,2024-05-19 15:00:00
1373,Receive,N/A,2024-05-22 08:00:00,2024-05-22 13:00:00
1373,WH_MAIN,WH_MAIN,2024-05-22 13:00:00,2024-05-23 04:00:00
1373,WH_SUB,K4,2024-05-23 04:00:00,2024-05-25 00:00:00
1374,Receive,N/A,2024-05-27 08:00:00,2024-05-27 10:00:00
1375,Receive,N/A,2024-05-10 08:00:00,2024-05-10 10:00:00
1375,WH_MAIN,WH_MAIN,2024-05-10 10:00:00,2024-05-11 00:00:00
1375,WH_SUB,K4,2024-05-11 00:00:00,2024-05-12 00:00:00
1375,Delivery,Customer,2024-05-12 00:00:00,2024-05-15 23:00:00
1376,Receive,N/A,2024-05-06 08:00:00,2024-05-06 10:00:00
1376,WH_MAIN,WH_MAIN,2024-05-06 10:00:00,2024-05-07 01:00:00
1376,WH_SUB,K4,2024-05-07 01:00:00,2024-05-09 16:00:00
1376,Delivery,Customer,2024-05-09 16:00:00,2024-05-12 02:00:00
1377,Receive,N/A,2024-05-02 08:00:00,2024-05-02 16:00:00
1377,WH_MAIN,WH_MAIN,2024-05-02 16:00:00,2024-05-03 08:00:00
1377,WH_SUB,K2,2024-05-03 08:00:00,2024-05-04 15:00:00
1377,Delivery,Customer,2024-05-04 15:00:00,2024-05-07 07:00:00
1378,Receive,N/A,2024-05-02 08:00:00,2024-05-02 16:00:00
1378,WH_MAIN,WH_MAIN,2024-05-02 16:00:00,2024-05-03 00:00:00
1378,WH_SUB,K3,2024-05-03 00:00:00,2024-05-04 04:00:00
1378,Delivery,Customer,2024-05-04 04:00:00,2024-05-06 04:00:00
1379,Receive,N/A,2024-05-08 08:00:00,2024-05-08 16:00:00
1379,WH_MAIN,WH_MAIN,2024-05-08 16:00:00,2024-05-09 10:00:00
1379,WH_SUB,K1,2024-05-09 10:00:00,2024-05-10 17:00:00
1379,Delivery,Customer,2024-05-10 17:00:00,2024-05-14 11:00:00
1380,Receive,N/A,2024-05-19 08:00:00,2024-05-19 10:00:00
1380,WH_MAIN,WH_MAIN,2024-05-19 10:00:00,2024-05-19 23:00:00
1380,WH_SUB,K1,2024-05-19 23:00:00,2024-05-22 09:00:00
1380,Delivery,Customer,2024-05-22 09:00:00,2024-05-24 13:00:00
1381,Receive,N/A,2024-05-29 08:00:00,2024-05-29 13:00:00
1381,WH_MAIN,WH_MAIN,2024-05-29 13:00:00,2024-05-30 04:00:00
1381,WH_SUB,K3,2024-05-30 04:00:00,2024-06-01 10:00:00
1381,Delivery,Customer,2024-06-01 10:00:00,2024-06-03 20:00:00
1382,Receive,N/A,2024-05-28 08:00:00,2024-05-28 13:00:00
1382,WH_MAIN,WH_MAIN,2024-05-28 13:00:00,2024-05-29 01:00:00
1382,WH_SUB,K2,2024-05-29 01:00:00,2024-05-31 04:00:00
1382,Delivery,Customer,2024-05-31 04:00:00,2024-06-02 08:00:00
1383,Receive,N/A,2024-05-27 08:00:00,2024-05-27 14:00:00
1383,WH_MAIN,WH_MAIN,2024-05-27 14:00:00,2024-05-28 03:00:00
1383,WH_SUB,K4,2024-05-28 03:00:00,2024-05-29 12:00:00
1383,Delivery,Customer,2024-05-29 12:00:00,2024-06-01 19:00:00
1384,Receive,N/A,2024-05-11 08:00:00,2024-05-11 10:00:00
1384,WH_MAIN,WH_MAIN,2024-05-11 10:00:00,2024-05-11 23:00:00
1384,WH_SUB,K1,2024-05-11 23:00:00,2024-05-13 23:00:00
1385,Receive,N/A,2024-05-10 08:00:00,2024-05-10 11:00:00
1385,WH_MAIN,WH_MAIN,2024-05-10 11:00:00,2024-05-10 20:00:00
1385,WH_SUB,K2,2024-05-10 20:00:00,2024-05-11 23:00:00
1385,Delivery,Customer,2024-05-11 23:00:00,2024-05-15 15:00:00
1386,Receive,N/A,2024-05-15 08:00:00,2024-05-15 18:00:00
1386,WH_MAIN,WH_MAIN,2024-05-15 18:00:00,2024-05-16 01:00:00
1386,WH_SUB,K2,2024-05-16 01:00:00,2024-05-17 21:00:00
1386,Delivery,Customer,2024-05-17 21:00:00,2024-05-20 23:00:00
1387,Receive,N/A,2024-05-15 08:00:00,2024-05-15 17:00:00
1387,WH_MAIN,WH_MAIN,2024-05-15 17:00:00,2024-05-16 11:00:00
1387,WH_SUB,K1,2024-05-16 11:00:00,2024-05-18 18:00:00
1387,Delivery,Customer,2024-05-18 18:00:00,2024-05-22 01:00:00
1388,Receive,N/A,2024-05-30 08:00:00,2024-05-30 11:00:00
1388,WH_MAIN,WH_MAIN,2024-05-30 11:00:00,2024-05-30 17:00:00
1388,WH_SUB,K2,2024-05-30 17:00:00,2024-06-02 08:00:00
1388,Delivery,Customer,2024-06-02 08:00:00,2024-06-04 16:00:00
1389,Receive,N/A,2024-05-18 08:00:00,2024-05-18 18:00:00
1389,WH_MAIN,WH_MAIN,2024-05-18 18:00:00,2024-05-19 11:00:00
1389,WH_SUB,K1,2024-05-19 11:00:00,2024-05-21 11:00:00
1389,Delivery,Customer,2024-05-21 11:00:00,2024-05-24 16:00:00
1390,Receive,N/A,2024-05-15 08:00:00,2024-05-15 13:00:00
1390,WH_MAIN,WH_MAIN,2024-05-15 13:00:00,2024-05-15 21:00:00
1390,WH_SUB,K3,2024-05-15 21:00:00,2024-05-18 18:00:00
1390,Delivery,Customer,2024-05-18 18:00:00,2024-05-21 14:00:00
1391,Receive,N/A,2024-05-03 08:00:00,2024-05-03 12:00:00
1391,WH_MAIN,WH_MAIN,2024-05-03 12:00:00,2024-05-04 00:00:00
1391,WH_SUB,K1,2024-05-04 00:00:00,2024-05-06 14:00:00
1391,Delivery,Customer,2024-05-06 14:00:00,2024-05-10 06:00:00
1392,Receive,N/A,2024-05-07 08:00:00,2024-05-07 11:00:00
1392,WH_MAIN,WH_MAIN,2024-05-07 11:00:00,2024-05-07 21:00:00
1392,WH_SUB,K1,2024-05-07 21:00:00,2024-05-09 04:00:00
1392,Delivery,Customer,2024-05-09 04:00:00,2024-05-13 01:00:00
1393,Receive,N/A,2024-05-06 08:00:00,2024-05-06 16:00:00
1393,WH_MAIN,WH_MAIN,2024-05-06 16:00:00,2024-05-07 08:00:00
1393,WH_SUB,K4,2024-05-07 08:00:00,2024-05-09 05:00:00
1393,Delivery,Customer,2024-05-09 05:00:00,2024-05-12 05:00:00
1394,Receive,N/A,2024-05-16 08:00:00,2024-05-16 15:00:00
1394,WH_MAIN,WH_MAIN,2024-05-16 15:00:00,2024-05-17 09:00:00
1394,WH_SUB,K4,2024-05-17 09:00:00,2024-05-19 02:00:00
1394,Delivery,Customer,2024-05-19 02:00:00,2024-05-21 22:00:00
1395,Receive,N/A,2024-05-25 08:00:00,2024-05-25 13:00:00
1395,WH_MAIN,WH_MAIN,2024-05-25 13:00:00,2024-05-25 21:00:00
1395,WH_SUB,K1,2024-05-25 21:00:00,2024-05-27 19:00:00
1395,Delivery,Customer,2024-05-27 19:00:00,2024-05-30 07:00:00
1396,Receive,N/A,2024-05-21 08:00:00,2024-05-21 15:00:00
1396,WH_MAIN,WH_MAIN,2024-05-21 15:00:00,2024-05-22 09:00:00
1396,WH_SUB,K1,2024-05-22 09:00:00,2024-05-24 17:00:00
1396,Delivery,Customer,2024-05-24 17:00:00,2024-05-27 11:00:00
1397,Receive,N/A,2024-05-03 08:00:00,2024-05-03 16:00:00
1397,WH_MAIN,WH_MAIN,2024-05-03 16:00:00,2024-05-04 04:00:00
1397,WH_SUB,K1,2024-05-04 04:00:00,2024-05-06 23:00:00
1397,Delivery,Customer,2024-05-06 23:00:00,2024-05-10 11:00:00
1398,Receive,N/A,2024-05-25 08:00:00,2024-05-25 17:00:00
1398,WH_MAIN,WH_MAIN,2024-05-25 17:00:00,2024-05-26 06:00:00
1398,WH_SUB,K4,2024-05-26 06:00:00,2024-05-27 06:00:00
1398,Delivery,Customer,2024-05-27 06:00:00,2024-05-29 08:00:00
1399,Receive,N/A,2024-05-03 08:00:00,2024-05-03 10:00:00
1399,WH_MAIN,WH_MAIN,2024-05-03 10:00:00,2024-05-03 18:00:00
1399,WH_SUB,K4,2024-05-03 18:00:00,2024-05-06 11:00:00
1399,Delivery,Customer,2024-05-06 11:00:00,2024-05-09 11:00:00
1400,Receive,N/A,2024-05-12 08:00:00,2024-05-12 14:00:00
1400,WH_MAIN,WH_MAIN,2024-05-12 14:00:00,2024-05-13 02:00:00
1400,WH_SUB,K3,2024-05-13 02:00:00,2024-05-15 04:00:00
1400,Delivery,Customer,2024-05-15 04:00:00,2024-05-18 20:00:00
1401,Receive,N/A,2024-05-30 08:00:00,2024-05-30 18:00:00
1401,WH_MAIN,WH_MAIN,2024-05-30 18:00:00,2024-05-31 05:00:00
1401,WH_SUB,K2,2024-05-31 05:00:00,2024-06-02 06:00:00
1401,Delivery,Customer,2024-06-02 06:00:00,2024-06-04 17:00:00
1402,Receive,N/A,2024-05-18 08:00:00,2024-05-18 10:00:00
1402,WH_MAIN,WH_MAIN,2024-05-18 10:00:00,2024-05-19 00:00:00
1402,WH_SUB,K2,2024-05-19 00:00:00,2024-05-20 19:00:00
1402,Delivery,Customer,2024-05-20 19:00:00,2024-05-24 01:00:00
1403,Receive,N/A,2024-05-28 08:00:00,2024-05-28 16:00:00
1403,WH_MAIN,WH_MAIN,2024-05-28 16:00:00,2024-05-29 00:00:00
1403,WH_SUB,K1,2024-05-29 00:00:00,2024-05-30 03:00:00
1403,Delivery,Customer,2024-05-30 03:00:00,2024-06-01 06:00:00
1404,Receive,N/A,2024-05-17 08:00:00,2024-05-17 13:00:00
1404,WH_MAIN,WH_MAIN,2024-05-17 13:00:00,2024-05-18 00:00:00
1404,WH_SUB,K3,2024-05-18 00:00:00,2024-05-20 01:00:00
1404,Delivery,Customer,2024-05-20 01:00:00,2024-05-22 21:00:00
1405,Receive,N/A,2024-05-11 08:00:00,2024-05-11 15:00:00
1405,WH_MAIN,WH_MAIN,2024-05-11 15:00:00,2024-05-12 01:00:00
1405,WH_SUB,K2,2024-05-12 01:00:00,2024-05-14 14:00:00
1405,Delivery,Customer,2024-05-14 14:00:00,2024-05-18 10:00:00
1406,Receive,N/A,2024-05-23 08:00:00,2024-05-23 13:00:00
1406,WH_MAIN,WH_MAIN,2024-05-23 13:00:00,2024-05-24 01:00:00
1406,WH_SUB,K4,2024-05-24 01:00:00,2024-05-25 04:00:00
1406,Delivery,Customer,2024-05-25 04:00:00,2024-05-27 06:00:00
1407,Receive,N/A,2024-05-12 08:00:00,2024-05-12 17:00:00
1407,WH_MAIN,WH_MAIN,2024-05-12 17:00:00,2024-05-13 08:00:00
1407,WH_SUB,K2,2024-05-13 08:00:00,2024-05-14 11:00:00
1407,Delivery,Customer,2024-05-14 11:00:00,2024-05-17 10:00:00
1408,Receive,N/A,2024-05-17 08:00:00,2024-05-17 11:00:00
1408,WH_MAIN,WH_MAIN,2024-05-17 11:00:00,2024-05-17 19:00:00
1408,WH_SUB,K1,2024-05-17 19:00:00,2024-05-20 01:00:00
1408,Delivery,Customer,2024-05-20 01:00:00,2024-05-22 19:00:00
1409,Receive,N/A,2024-05-31 08:00:00,2024-05-31 10:00:00
1409,WH_MAIN,WH_MAIN,2024-05-31 10:00:00,2024-05-31 18:00:00
1409,WH_SUB,K1,2024-05-31 18:00:00,2024-06-02 15:00:00
1409,Delivery,Customer,2024-06-02 15:00:00,2024-06-05 02:00:00
1410,Receive,N/A,2024-05-18 08:00:00,2024-05-18 15:00:00
1410,WH_MAIN,WH_MAIN,2024-05-18 15:00:00,2024-05-19 00:00:00
1410,WH_SUB,K4,2024-05-19 00:00:00,2024-05-20 18:00:00
1410,Delivery,Customer,2024-05-20 18:00:00,2024-05-24 05:00:00
1411,Receive,N/A,2024-05-18 08:00:00,2024-05-18 16:00:00
1411,WH_MAIN,WH_MAIN,2024-05-18 16:00:00,2024-05-18 22:00:00
1411,WH_SUB,K1,2024-05-18 22:00:00,2024-05-20 15:00:00
1411,Delivery,Customer,2024-05-20 15:00:00,2024-05-24 15:00:00
1412,Receive,N/A,2024-05-20 08:00:00,2024-05-20 18:00:00
1412,WH_MAIN,WH_MAIN,2024-05-20 18:00:00,2024-05-21 12:00:00
1412,WH_SUB,K3,2024-05-21 12:00:00,2024-05-23 20:00:00
1412,Delivery,Customer,2024-05-23 20:00:00,2024-05-25 23:00:00
1413,Receive,N/A,2024-05-14 08:00:00,2024-05-14 13:00:00
1413,WH_MAIN,WH_MAIN,2024-05-14 13:00:00,2024-05-15 05:00:00
1413,WH_SUB,K3,2024-05-15 05:00:00,2024-05-16 19:00:00
1413,Delivery,Customer,2024-05-16 19:00:00,2024-05-19 08:00:00
1414,Receive,N/A,2024-05-20 08:00:00,2024-05-20 16:00:00
1414,WH_MAIN,WH_MAIN,2024-05-20 16:00:00,2024-05-21 02:00:00
1414,WH_SUB,K1,2024-05-21 02:00:00,2024-05-22 11:00:00
1414,Delivery,Customer,2024-05-22 11:00:00,2024-05-24 23:00:00
1415,Receive,N/A,2024-05-29 08:00:00,2024-05-29 10:00:00
1415,WH_MAIN,WH_MAIN,2024-05-29 10:00:00,2024-05-29 21:00:00
1415,WH_SUB,K2,2024-05-29 21:00:00,2024-06-01 17:00:00
1415,Delivery,Customer,2024-06-01 17:00:00,2024-06-05 13:00:00
1416,Receive,N/A,2024-05-30 08:00:00,2024-05-30 12:00:00
1416,WH_MAIN,WH_MAIN,2024-05-30 12:00:00,2024-05-31 03:00:00
1416,WH_SUB,K1,2024-05-31 03:00:00,2024-06-02 13:00:00
1416,Delivery,Customer,2024-06-02 13:00:00,2024-06-04 17:00:00
1417,Receive,N/A,2024-05-06 08:00:00,2024-05-06 14:00:00
1417,WH_MAIN,WH_MAIN,2024-05-06 14:00:00,2024-05-07 00:00:00
1417,WH_SUB,K2,2024-05-07 00:00:00,2024-05-08 04:00:00
1417,Delivery,Customer,2024-05-08 04:00:00,2024-05-11 05:00:00
1418,Receive,N/A,2024-05-02 08:00:00,2024-05-02 13:00:00
1418,WH_MAIN,WH_MAIN,2024-05-02 13:00:00,2024-05-03 01:00:00
1418,WH_SUB,K2,2024-05-03 01:00:00,2024-05-05 11:00:00
1418,Delivery,Customer,2024-05-05 11:00:00,2024-05-08 22:00:00
1419,Receive,N/A,2024-05-03 08:00:00,2024-05-03 15:00:00
1419,WH_MAIN,WH_MAIN,2024-05-03 15:00:00,2024-05-04 08:00:00
1419,WH_SUB,K3,2024-05-04 08:00:00,2024-05-07 03:00:00
1419,Delivery,Customer,2024-05-07 03:00:00,2024-05-10 09:00:00
1420,Receive,N/A,2024-06-09 08:00:00,2024-06-09 13:00:00
1420,WH_MAIN,WH_MAIN,2024-06-09 13:00:00,2024-06-09 22:00:00
1420,WH_SUB,K2,2024-06-09 22:00:00,2024-06-11 18:00:00
1420,Delivery,Customer,2024-06-11 18:00:00,2024-06-15 13:00:00
1421,Receive,N/A,2024-06-15 08:00:00,2024-06-15 15:00:00
1421,WH_MAIN,WH_MAIN,2024-06-15 15:00:00,2024-06-15 23:00:00
1421,WH_SUB,K3,2024-06-15 23:00:00,2024-06-18 02:00:00
1421,Delivery,Customer,2024-06-18 02:00:00,2024-06-20 11:00:00
1422,Receive,N/A,2024-06-29 08:00:00,2024-06-29 15:00:00
1422,WH_MAIN,WH_MAIN,2024-06-29 15:00:00,2024-06-30 05:00:00
1422,WH_SUB,K1,2024-06-30 05:00:00,2024-07-01 17:00:00
1422,Delivery,Customer,2024-07-01 17:00:00,2024-07-04 01:00:00
1423,Receive,N/A,2024-06-10 08:00:00,2024-06-10 13:00:00
1423,WH_MAIN,WH_MAIN,2024-06-10 13:00:00,2024-06-10 22:00:00
1423,WH_SUB,K2,2024-06-10 22:00:00,2024-06-13 16:00:00
1423,Delivery,Customer,2024-06-13 16:00:00,2024-06-15 19:00:00
1424,Receive,N/A,2024-06-15 08:00:00,2024-06-15 11:00:00
1424,WH_MAIN,WH_MAIN,2024-06-15 11:00:00,2024-06-15 23:00:00
1424,WH_SUB,K2,2024-06-15 23:00:00,2024-06-17 04:00:00
1424,Delivery,Customer,2024-06-17 04:00:00,2024-06-19 21:00:00
1425,Receive,N/A,2024-06-19 08:00:00,2024-06-19 17:00:00
1425,WH_MAIN,WH_MAIN,2024-06-19 17:00:00,2024-06-20 06:00:00
1425,WH_SUB,K3,2024-06-20 06:00:00,2024-06-23 05:00:00
1426,Receive,N/A,2024-06-14 08:00:00,2024-06-14 17:00:00
1426,WH_MAIN,WH_MAIN,2024-06-14 17:00:00,2024-06-15 07:00:00
1426,WH_SUB,K1,2024-06-15 07:00:00,2024-06-17 19:00:00
1427,Receive,N/A,2024-06-27 08:00:00,2024-06-27 11:00:00
1427,WH_MAIN,WH_MAIN,2024-06-27 11:00:00,2024-06-27 23:00:00
1427,WH_SUB,K4,2024-06-27 23:00:00,2024-06-30 00:00:00
1427,Delivery,Customer,2024-06-30 00:00:00,2024-07-04 00:00:00
1428,Receive,N/A,2024-06-14 08:00:00,2024-06-14 12:00:00
1428,WH_MAIN,WH_MAIN,2024-06-14 12:00:00,2024-06-14 22:00:00
1428,WH_SUB,K1,2024-06-14 22:00:00,2024-06-16 09:00:00
1428,Delivery,Customer,2024-06-16 09:00:00,2024-06-20 01:00:00
1429,Receive,N/A,2024-06-25 08:00:00,2024-06-25 10:00:00
1429,WH_MAIN,WH_MAIN,2024-06-25 10:00:00,2024-06-25 19:00:00
1429,WH_SUB,K4,2024-06-25 19:00:00,2024-06-28 12:00:00
1429,Delivery,Customer,2024-06-28 12:00:00,2024-07-01 09:00:00
1430,Receive,N/A,2024-06-12 08:00:00,2024-06-12 16:00:00
1430,WH_MAIN,WH_MAIN,2024-06-12 16:00:00,2024-06-13 05:00:00
1430,WH_SUB,K1,2024-06-13 05:00:00,2024-06-15 14:00:00
1430,Delivery,Customer,2024-06-15 14:00:00,2024-06-19 08:00:00
1431,Receive,N/A,2024-06-23 08:00:00,2024-06-23 18:00:00
1431,WH_MAIN,WH_MAIN,2024-06-23 18:00:00,2024-06-24 00:00:00
1431,WH_SUB,K3,2024-06-24 00:00:00,2024-06-25 16:00:00
1431,Delivery,Customer,2024-06-25 16:00:00,2024-06-29 13:00:00
1432,Receive,N/A,2024-06-12 08:00:00,2024-06-12 15:00:00
1432,WH_MAIN,WH_MAIN,2024-06-12 15:00:00,2024-06-13 06:00:00
1432,WH_SUB,K1,2024-06-13 06:00:00,2024-06-15 02:00:00
1432,Delivery,Customer,2024-06-15 02:00:00,2024-06-17 23:00:00
1433,Receive,N/A,2024-06-14 08:00:00,2024-06-14 18:00:00
1433,WH_MAIN,WH_MAIN,2024-06-14 18:00:00,2024-06-15 01:00:00
1433,WH_SUB,K4,2024-06-15 01:00:00,2024-06-18 00:00:00
1433,Delivery,Customer,2024-06-18 00:00:00,2024-06-21 14:00:00
1434,Receive,N/A,2024-06-06 08:00:00,2024-06-06 15:00:00
1434,WH_MAIN,WH_MAIN,2024-06-06 15:00:00,2024-06-07 04:00:00
1434,WH_SUB,K3,2024-06-07 04:00:00,2024-06-09 17:00:00
1434,Delivery,Customer,2024-06-09 17:00:00,2024-06-12 02:00:00
1435,Receive,N/A,2024-06-09 08:00:00,2024-06-09 12:00:00
1435,WH_MAIN,WH_MAIN,2024-06-09 12:00:00,2024-06-09 18:00:00
1435,WH_SUB,K3,2024-06-09 18:00:00,2024-06-12 01:00:00
1435,Delivery,Customer,2024-06-12 01:00:00,2024-06-14 20:00:00
1436,Receive,N/A,2024-06-13 08:00:00,2024-06-13 13:00:00
1436,WH_MAIN,WH_MAIN,2024-06-13 13:00:00,2024-06-14 00:00:00
1436,WH_SUB,K3,2024-06-14 00:00:00,2024-06-16 15:00:00
1436,Delivery,Customer,2024-06-16 15:00:00,2024-06-19 12:00:00
1437,Receive,N/A,2024-06-23 08:00:00,2024-06-23 13:00:00
1437,WH_MAIN,WH_MAIN,2024-06-23 13:00:00,2024-06-24 05:00:00
1437,WH_SUB,K4,2024-06-24 05:00:00,2024-06-26 21:00:00
1437,Delivery,Customer,2024-06-26 21:00:00,2024-06-30 00:00:00
1438,Receive,N/A,2024-06-10 08:00:00,2024-06-10 10:00:00
1438,WH_MAIN,WH_MAIN,2024-06-10 10:00:00,2024-06-11 00:00:00
1438,WH_SUB,K1,2024-06-11 00:00:00,2024-06-12 02:00:00
1438,Delivery,Customer,2024-06-12 02:00:00,2024-06-15 10:00:00
1439,Receive,N/A,2024-06-12 08:00:00,2024-06-12 13:00:00
1439,WH_MAIN,WH_MAIN,2024-06-12 13:00:00,2024-06-13 01:00:00
1439,WH_SUB,K4,2024-06-13 01:00:00,2024-06-14 23:00:00
1439,Delivery,Customer,2024-06-14 23:00:00,2024-06-18 17:00:00
1440,Receive,N/A,2024-06-24 08:00:00,2024-06-24 12:00:00
1440,WH_MAIN,WH_MAIN,2024-06-24 12:00:00,2024-06-25 04:00:00
1440,WH_SUB,K4,2024-06-25 04:00:00,2024-06-26 15:00:00
1440,Delivery,Customer,2024-06-26 15:00:00,2024-06-29 14:00:00
1441,Receive,N/A,2024-06-17 08:00:00,2024-06-17 18:00:00
1441,WH_MAIN,WH_MAIN,2024-06-17 18:00:00,2024-06-18 04:00:00
1441,WH_SUB,K3,2024-06-18 04:00:00,2024-06-19 11:00:00
1441,Delivery,Customer,2024-06-19 11:00:00,2024-06-23 09:00:00
1442,Receive,N/A,2024-06-13 08:00:00,2024-06-13 17:00:00
1442,WH_MAIN,WH_MAIN,2024-06-13 17:00:00,2024-06-14 10:00:00
1442,WH_SUB,K2,2024-06-14 10:00:00,2024-06-16 05:00:00
1442,Delivery,Customer,2024-06-16 05:00:00,2024-06-18 06:00:00
1443,Receive,N/A,2024-06-29 08:00:00,2024-06-29 16:00:00
1443,WH_MAIN,WH_MAIN,2024-06-29 16:00:00,2024-06-30 10:00:00
1443,WH_SUB,K2,2024-06-30 10:00:00,2024-07-01 12:00:00
1443,Delivery,Customer,2024-07-01 12:00:00,2024-07-05 06:00:00
1444,Receive,N/A,2024-06-18 08:00:00,2024-06-18 17:00:00
1444,WH_MAIN,WH_MAIN,2024-06-18 17:00:00,2024-06-19 10:00:00
1444,WH_SUB,K1,2024-06-19 10:00:00,2024-06-20 10:00:00
1444,Delivery,Customer,2024-06-20 10:00:00,2024-06-22 17:00:00
1445,Receive,N/A,2024-06-10 08:00:00,2024-06-10 14:00:00
1445,WH_MAIN,WH_MAIN,2024-06-10 14:00:00,2024-06-11 06:00:00
1445,WH_SUB,K1,2024-06-11 06:00:00,2024-06-13 18:00:00
1445,Delivery,Customer,2024-06-13 18:00:00,2024-06-15 23:00:00
1446,Receive,N/A,2024-06-07 08:00:00,2024-06-07 15:00:00
1446,WH_MAIN,WH_MAIN,2024-06-07 15:00:00,2024-06-08 05:00:00
1446,WH_SUB,K4,2024-06-08 05:00:00,2024-06-09 15:00:00
1446,Delivery,Customer,2024-06-09 15:00:00,2024-06-12 06:00:00
1447,Receive,N/A,2024-06-17 08:00:00,2024-06-17 10:00:00
1447,WH_MAIN,WH_MAIN,2024-06-17 10:00:00,2024-06-17 22:00:00
1447,WH_SUB,K1,2024-06-17 22:00:00,2024-06-19 18:00:00
1447,Delivery,Customer,2024-06-19 18:00:00,2024-06-23 03:00:00
1448,Receive,N/A,2024-06-10 08:00:00,2024-06-10 13:00:00
1449,Receive,N/A,2024-06-05 08:00:00,2024-06-05 16:00:00
1449,WH_MAIN,WH_MAIN,2024-06-05 16:00:00,2024-06-06 02:00:00
1449,WH_SUB,K4,2024-06-06 02:00:00,2024-06-08 02:00:00
1449,Delivery,Customer,2024-06-08 02:00:00,2024-06-10 05:00:00
1450,Receive,N/A,2024-06-24 08:00:00,2024-06-24 18:00:00
1450,WH_MAIN,WH_MAIN,2024-06-24 18:00:00,2024-06-25 09:00:00
1450,WH_SUB,K2,2024-06-25 09:00:00,2024-06-26 13:00:00
1451,Receive,N/A,2024-06-24 08:00:00,2024-06-24 18:00:00
1451,WH_MAIN,WH_MAIN,2024-06-24 18:00:00,2024-06-25 01:00:00
1451,WH_SUB,K3,2024-06-25 01:00:00,2024-06-26 06:00:00
1451,Delivery,Customer,2024-06-26 06:00:00,2024-06-30 01:00:00
1452,Receive,N/A,2024-06-17 08:00:00,2024-06-17 18:00:00
1452,WH_MAIN,WH_MAIN,2024-06-17 18:00:00,2024-06-18 11:00:00
1452,WH_SUB,K1,2024-06-18 11:00:00,2024-06-21 06:00:00
1452,Delivery,Customer,2024-06-21 06:00:00,2024-06-24 05:00:00
1453,Receive,N/A,2024-06-04 08:00:00,2024-06-04 11:00:00
1453,WH_MAIN,WH_MAIN,2024-06-04 11:00:00,2024-06-05 04:00:00
1453,WH_SUB,K3,2024-06-05 04:00:00,2024-06-07 07:00:00
1453,Delivery,Customer,2024-06-07 07:00:00,2024-06-11 06:00:00
1454,Receive,N/A,2024-06-11 08:00:00,2024-06-11 14:00:00
1454,WH_MAIN,WH_MAIN,2024-06-11 14:00:00,2024-06-12 05:00:00
1454,WH_SUB,K1,2024-06-12 05:00:00,2024-06-14 13:00:00
1454,Delivery,Customer,2024-06-14 13:00:00,2024-06-17 22:00:00
1455,Receive,N/A,2024-06-26 08:00:00,2024-06-26 18:00:00
1455,WH_MAIN,WH_MAIN,2024-06-26 18:00:00,2024-06-27 01:00:00
1455,WH_SUB,K2,2024-06-27 01:00:00,2024-06-28 11:00:00
1455,Delivery,Customer,2024-06-28 11:00:00,2024-07-02 10:00:00
1456,Receive,N/A,2024-06-11 08:00:00,2024-06-11 15:00:00
1456,WH_MAIN,WH_MAIN,2024-06-11 15:00:00,2024-06-12 08:00:00
1456,WH_SUB,K3,2024-06-12 08:00:00,2024-06-14 13:00:00
1457,Receive,N/A,2024-06-11 08:00:00,2024-06-11 12:00:00
1457,WH_MAIN,WH_MAIN,2024-06-11 12:00:00,2024-06-12 06:00:00
1457,WH_SUB,K1,2024-06-12 06:00:00,2024-06-13 21:00:00
1457,Delivery,Customer,2024-06-13 21:00:00,2024-06-17 07:00:00
1458,Receive,N/A,2024-06-12 08:00:00,2024-06-12 17:00:00
1458,WH_MAIN,WH_MAIN,2024-06-12 17:00:00,2024-06-13 05:00:00
1458,WH_SUB,K2,2024-06-13 05:00:00,2024-06-14 13:00:00
1458,Delivery,Customer,2024-06-14 13:00:00,2024-06-16 13:00:00
1459,Receive,N/A,2024-06-10 08:00:00,2024-06-10 17:00:00
1459,WH_MAIN,WH_MAIN,2024-06-10 17:00:00,2024-06-11 01:00:00
1459,WH_SUB,K4,2024-06-11 01:00:00,2024-06-13 01:00:00
1459,Delivery,Customer,2024-06-13 01:00:00,2024-06-15 15:00:00
1460,Receive,N/A,2024-06-30 08:00:00,2024-06-30 14:00:00
1460,WH_MAIN,WH_MAIN,2024-06-30 14:00:00,2024-07-01 00:00:00
1460,WH_SUB,K1,2024-07-01 00:00:00,2024-07-03 21:00:00
1460,Delivery,Customer,2024-07-03 21:00:00,2024-07-07 08:00:00
1461,Receive,N/A,2024-06-09 08:00:00,2024-06-09 10:00:00
1461,WH_MAIN,WH_MAIN,2024-06-09 10:00:00,2024-06-09 18:00:00
1461,WH_SUB,K2,2024-06-09 18:00:00,2024-06-11 06:00:00
1461,Delivery,Customer,2024-06-11 06:00:00,2024-06-14 14:00:00
1462,Receive,N/A,2024-06-16 08:00:00,2024-06-16 15:00:00
1462,WH_MAIN,WH_MAIN,2024-06-16 15:00:00,2024-06-17 03:00:00
1462,WH_SUB,K4,2024-06-17 03:00:00,2024-06-19 05:00:00
1462,Delivery,Customer,2024-06-19 05:00:00,2024-06-23 02:00:00
1463,Receive,N/A,2024-06-04 08:00:00,2024-06-04 15:00:00
1463,WH_MAIN,WH_MAIN,2024-06-04 15:00:00,2024-06-05 01:00:00
1463,WH_SUB,K4,2024-06-05 01:00:00,2024-06-07 11:00:00
1463,Delivery,Customer,2024-06-07 11:00:00,2024-06-10 00:00:00
1464,Receive,N/A,2024-06-01 08:00:00,2024-06-01 13:00:00
1464,WH_MAIN,WH_MAIN,2024-06-01 13:00:00,2024-06-02 02:00:00
1464,WH_SUB,K3,2024-06-02 02:00:00,2024-06-04 01:00:00
1464,Delivery,Customer,2024-06-04 01:00:00,2024-06-07 14:00:00
1465,Receive,N/A,2024-06-24 08:00:00,2024-06-24 16:00:00
1465,WH_MAIN,WH_MAIN,2024-06-24 16:00:00,2024-06-25 06:00:00
1465,WH_SUB,K3,2024-06-25 06:00:00,2024-06-27 00:00:00
1466,Receive,N/A,2024-06-26 08:00:00,2024-06-26 12:00:00
1466,WH_MAIN,WH_MAIN,2024-06-26 12:00:00,2024-06-27 02:00:00
1466,WH_SUB,K3,2024-06-27 02:00:00,2024-06-29 05:00:00
1466,Delivery,Customer,2024-06-29 05:00:00,2024-07-01 11:00:00
1467,Receive,N/A,2024-06-07 08:00:00,2024-06-07 18:00:00
1467,WH_MAIN,WH_MAIN,2024-06-07 18:00:00,2024-06-08 06:00:00
1467,WH_SUB,K1,2024-06-08 06:00:00,2024-06-10 00:00:00
1467,Delivery,Customer,2024-06-10 00:00:00,2024-06-12 13:00:00
1468,Receive,N/A,2024-06-26 08:00:00,2024-06-26 17:00:00
1468,WH_MAIN,WH_MAIN,2024-06-26 17:00:00,2024-06-27 11:00:00
1468,WH_SUB,K3,2024-06-27 11:00:00,2024-06-29 22:00:00
1468,Delivery,Customer,2024-06-29 22:00:00,2024-07-03 03:00:00
1469,Receive,N/A,2024-06-26 08:00:00,2024-06-26 18:00:00
1469,WH_MAIN,WH_MAIN,2024-06-26 18:00:00,2024-06-27 07:00:00
1469,WH_SUB,K2,2024-06-27 07:00:00,2024-06-29 07:00:00
1469,Delivery,Customer,2024-06-29 07:00:00,2024-07-02 17:00:00
1470,Receive,N/A,2024-06-19 08:00:00,2024-06-19 18:00:00
1470,WH_MAIN,WH_MAIN,2024-06-19 18:00:00,2024-06-20 08:00:00
1470,WH_SUB,K2,2024-06-20 08:00:00,2024-06-21 11:00:00
1470,Delivery,Customer,2024-06-21 11:00:00,2024-06-24 14:00:00
1471,Receive,N/A,2024-06-12 08:00:00,2024-06-12 17:00:00
1471,WH_MAIN,WH_MAIN,2024-06-12 17:00:00,2024-06-13 11:00:00
1471,WH_SUB,K2,2024-06-13 11:00:00,2024-06-15 08:00:00
1471,Delivery,Customer,2024-06-15 08:00:00,2024-06-17 23:00:00
1472,Receive,N/A,2024-06-20 08:00:00,2024-06-20 10:00:00
1472,WH_MAIN,WH_MAIN,2024-06-20 10:00:00,2024-06-21 03:00:00
1472,WH_SUB,K3,2024-06-21 03:00:00,2024-06-23 13:00:00
1472,Delivery,Customer,2024-06-23 13:00:00,2024-06-27 10:00:00
1473,Receive,N/A,2024-06-08 08:00:00,2024-06-08 11:00:00
1473,WH_MAIN,WH_MAIN,2024-06-08 11:00:00,2024-06-08 21:00:00
1473,WH_SUB,K4,2024-06-08 21:00:00,2024-06-10 01:00:00
1473,Delivery,Customer,2024-06-10 01:00:00,2024-06-13 13:00:00
1474,Receive,N/A,2024-06-22 08:00:00,2024-06-22 12:00:00
1474,WH_MAIN,WH_MAIN,2024-06-22 12:00:00,2024-06-22 22:00:00
1474,WH_SUB,K2,2024-06-22 22:00:00,2024-06-24 06:00:00
1474,Delivery,Customer,2024-06-24 06:00:00,2024-06-26 09:00:00
1475,Receive,N/A,2024-06-30 08:00:00,2024-06-30 12:00:00
1475,WH_MAIN,WH_MAIN,2024-06-30 12:00:00,2024-07-01 01:00:00
1475,WH_SUB,K1,2024-07-01 01:00:00,2024-07-03 08:00:00
1475,Delivery,Customer,2024-07-03 08:00:00,2024-07-07 04:00:00
1476,Receive,N/A,2024-06-27 08:00:00,2024-06-27 16:00:00
1476,WH_MAIN,WH_MAIN,2024-06-27 16:00:00,2024-06-28 09:00:00
1476,WH_SUB,K2,2024-06-28 09:00:00,2024-06-29 20:00:00
1476,Delivery,Customer,2024-06-29 20:00:00,2024-07-02 10:00:00
1477,Receive,N/A,2024-06-24 08:00:00,2024-06-24 18:00:00
1477,WH_MAIN,WH_MAIN,2024-06-24 18:00:00,2024-06-25 03:00:00
1477,WH_SUB,K1,2024-06-25 03:00:00,2024-06-27 07:00:00
1477,Delivery,Customer,2024-06-27 07:00:00,2024-06-30 03:00:00
1478,Receive,N/A,2024-06-17 08:00:00,2024-06-17 12:00:00
1478,WH_MAIN,WH_MAIN,2024-06-17 12:00:00,2024-06-18 02:00:00
1478,WH_SUB,K1,2024-06-18 02:00:00,2024-06-19 05:00:00
1478,Delivery,Customer,2024-06-19 05:00:00,2024-06-22 08:00:00
1479,Receive,N/A,2024-06-01 08:00:00,2024-06-01 13:00:00
1479,WH_MAIN,WH_MAIN,2024-06-01 13:00:00,2024-06-02 07:00:00
1479,WH_SUB,K4,2024-06-02 07:00:00,2024-06-03 09:00:00
1479,Delivery,Customer,2024-06-03 09:00:00,2024-06-05 10:00:00
1480,Receive,N/A,2024-06-20 08:00:00,2024-06-20 17:00:00
1480,WH_MAIN,WH_MAIN,2024-06-20 17:00:00,2024-06-21 05:00:00
1480,WH_SUB,K1,2024-06-21 05:00:00,2024-06-22 05:00:00
1480,Delivery,Customer,2024-06-22 05:00:00,2024-06-25 18:00:00
1481,Receive,N/A,2024-06-10 08:00:00,2024-06-10 15:00:00
1481,WH_MAIN,WH_MAIN,2024-06-10 15:00:00,2024-06-10 22:00:00
1481,WH_SUB,K1,2024-06-10 22:00:00,2024-06-12 14:00:00
1481,Delivery,Customer,2024-06-12 14:00:00,2024-06-14 19:00:00
1482,Receive,N/A,2024-06-01 08:00:00,2024-06-01 17:00:00
1482,WH_MAIN,WH_MAIN,2024-06-01 17:00:00,2024-06-02 08:00:00
1482,WH_SUB,K2,2024-06-02 08:00:00,2024-06-03 08:00:00
1482,Delivery,Customer,2024-06-03 08:00:00,2024-06-07 04:00:00
1483,Receive,N/A,2024-06-08 08:00:00,2024-06-08 10:00:00
1483,WH_MAIN,WH_MAIN,2024-06-08 10:00:00,2024-06-08 18:00:00
1483,WH_SUB,K3,2024-06-08 18:00:00,2024-06-11 17:00:00
1483,Delivery,Customer,2024-06-11 17:00:00,2024-06-15 17:00:00
1484,Receive,N/A,2024-06-21 08:00:00,2024-06-21 15:00:00
1484,WH_MAIN,WH_MAIN,2024-06-21 15:00:00,2024-06-21 21:00:00
1484,WH_SUB,K2,2024-06-21 21:00:00,2024-06-23 04:00:00
1484,Delivery,Customer,2024-06-23 04:00:00,2024-06-26 12:00:00
1485,Receive,N/A,2024-06-29 08:00:00,2024-06-29 16:00:00
1485,WH_MAIN,WH_MAIN,2024-06-29 16:00:00,2024-06-29 22:00:00
1485,WH_SUB,K4,2024-06-29 22:00:00,2024-07-02 15:00:00
1485,Delivery,Customer,2024-07-02 15:00:00,2024-07-06 07:00:00
1486,Receive,N/A,2024-06-02 08:00:00,2024-06-02 18:00:00
1486,WH_MAIN,WH_MAIN,2024-06-02 18:00:00,2024-06-03 00:00:00
1486,WH_SUB,K4,2024-06-03 00:00:00,2024-06-05 16:00:00
1486,Delivery,Customer,2024-06-05 16:00:00,2024-06-08 12:00:00
1487,Receive,N/A,2024-06-03 08:00:00,2024-06-03 12:00:00
1487,WH_MAIN,WH_MAIN,2024-06-03 12:00:00,2024-06-04 00:00:00
1487,WH_SUB,K1,2024-06-04 00:00:00,2024-06-06 14:00:00
1487,Delivery,Customer,2024-06-06 14:00:00,2024-06-09 00:00:00
1488,Receive,N/A,2024-06-21 08:00:00,2024-06-21 12:00:00
1488,WH_MAIN,WH_MAIN,2024-06-21 12:00:00,2024-06-22 06:00:00
1488,WH_SUB,K2,2024-06-22 06:00:00,2024-06-23 06:00:00
1488,Delivery,Customer,2024-06-23 06:00:00,2024-06-26 00:00:00
1489,Receive,N/A,2024-06-17 08:00:00,2024-06-17 17:00:00
1489,WH_MAIN,WH_MAIN,2024-06-17 17:00:00,2024-06-18 03:00:00
1489,WH_SUB,K1,2024-06-18 03:00:00,2024-06-20 23:00:00
1489,Delivery,Customer,2024-06-20 23:00:00,2024-06-24 22:00:00
1490,Receive,N/A,2024-06-15 08:00:00,2024-06-15 10:00:00
1490,WH_MAIN,WH_MAIN,2024-06-15 10:00:00,2024-06-15 22:00:00
1490,WH_SUB,K4,2024-06-15 22:00:00,2024-06-17 02:00:00
1490,Delivery,Customer,2024-06-17 02:00:00,2024-06-20 04:00:00
1491,Receive,N/A,2024-06-11 08:00:00,2024-06-11 16:00:00
1491,WH_MAIN,WH_MAIN,2024-06-11 16:00:00,2024-06-12 04:00:00
1491,WH_SUB,K3,2024-06-12 04:00:00,2024-06-15 04:00:00
1491,Delivery,Customer,2024-06-15 04:00:00,2024-06-17 21:00:00
1492,Receive,N/A,2024-06-14 08:00:00,2024-06-14 11:00:00
1492,WH_MAIN,WH_MAIN,2024-06-14 11:00:00,2024-06-14 17:00:00
1492,WH_SUB,K3,2024-06-14 17:00:00,2024-06-17 04:00:00
1492,Delivery,Customer,2024-06-17 04:00:00,2024-06-19 22:00:00
1493,Receive,N/A,2024-06-29 08:00:00,2024-06-29 17:00:00
1493,WH_MAIN,WH_MAIN,2024-06-29 17:00:00,2024-06-29 23:00:00
1493,WH_SUB,K2,2024-06-29 23:00:00,2024-07-01 10:00:00
1493,Delivery,Customer,2024-07-01 10:00:00,2024-07-04 00:00:00
1494,Receive,N/A,2024-06-20 08:00:00,2024-06-20 18:00:00
1494,WH_MAIN,WH_MAIN,2024-06-20 18:00:00,2024-06-21 12:00:00
1494,WH_SUB,K1,2024-06-21 12:00:00,2024-06-24 04:00:00
1494,Delivery,Customer,2024-06-24 04:00:00,2024-06-26 14:00:00
1495,Receive,N/A,2024-06-17 08:00:00,2024-06-17 11:00:00
1495,WH_MAIN,WH_MAIN,2024-06-17 11:00:00,2024-06-18 01:00:00
1495,WH_SUB,K1,2024-06-18 01:00:00,2024-06-20 15:00:00
1495,Delivery,Customer,2024-06-20 15:00:00,2024-06-23 10:00:00
1496,Receive,N/A,2024-06-10 08:00:00,2024-06-10 15:00:00
1496,WH_MAIN,WH_MAIN,2024-06-10 15:00:00,2024-06-10 22:00:00
1496,WH_SUB,K4,2024-06-10 22:00:00,2024-06-13 02:00:00
1496,Delivery,Customer,2024-06-13 02:00:00,2024-06-15 17:00:00
1497,Receive,N/A,2024-06-15 08:00:00,2024-06-15 17:00:00
1497,WH_MAIN,WH_MAIN,2024-06-15 17:00:00,2024-06-16 07:00:00
1497,WH_SUB,K3,2024-06-16 07:00:00,2024-06-17 18:00:00
1497,Delivery,Customer,2024-06-17 18:00:00,2024-06-19 18:00:00
1498,Receive,N/A,2024-06-14 08:00:00,2024-06-14 16:00:00
1498,WH_MAIN,WH_MAIN,2024-06-14 16:00:00,2024-06-15 07:00:00
1498,WH_SUB,K3,2024-06-15 07:00:00,2024-06-17 19:00:00
1498,Delivery,Customer,2024-06-17 19:00:00,2024-06-21 19:00:00
1499,Receive,N/A,2024-06-01 08:00:00,2024-06-01 18:00:00
1499,WH_MAIN,WH_MAIN,2024-06-01 18:00:00,2024-06-02 08:00:00
1499,WH_SUB,K4,2024-06-02 08:00:00,2024-06-04 21:00:00
1499,Delivery,Customer,2024-06-04 21:00:00,2024-06-08 15:00:00
1500,Receive,N/A,2024-06-13 08:00:00,2024-06-13 11:00:00
1500,WH_MAIN,WH_MAIN,2024-06-13 11:00:00,2024-06-14 05:00:00
1500,WH_SUB,K3,2024-06-14 05:00:00,2024-06-15 13:00:00
1500,Delivery,Customer,2024-06-15 13:00:00,2024-06-18 18:00:00
1501,Receive,N/A,2024-06-04 08:00:00,2024-06-04 11:00:00
1501,WH_MAIN,WH_MAIN,2024-06-04 11:00:00,2024-06-04 19:00:00
1501,WH_SUB,K1,2024-06-04 19:00:00,2024-06-06 22:00:00
1501,Delivery,Customer,2024-06-06 22:00:00,2024-06-10 14:00:00
1502,Receive,N/A,2024-06-07 08:00:00,2024-06-07 16:00:00
1502,WH_MAIN,WH_MAIN,2024-06-07 16:00:00,2024-06-08 07:00:00
1502,WH_SUB,K3,2024-06-08 07:00:00,2024-06-10 18:00:00
1502,Delivery,Customer,2024-06-10 18:00:00,2024-06-13 17:00:00
1503,Receive,N/A,2024-07-05 08:00:00,2024-07-05 16:00:00
1503,WH_MAIN,WH_MAIN,2024-07-05 16:00:00,2024-07-06 09:00:00
1503,WH_SUB,K3,2024-07-06 09:00:00,2024-07-08 21:00:00
1503,Delivery,Customer,2024-07-08 21:00:00,2024-07-12 09:00:00
1504,Receive,N/A,2024-07-30 08:00:00,2024-07-30 17:00:00
1504,WH_MAIN,WH_MAIN,2024-07-30 17:00:00,2024-07-31 02:00:00
1504,WH_SUB,K2,2024-07-31 02:00:00,2024-08-01 20:00:00
1504,Delivery,Customer,2024-08-01 20:00:00,2024-08-04 13:00:00
1505,Receive,N/A,2024-07-17 08:00:00,2024-07-17 12:00:00
1505,WH_MAIN,WH_MAIN,2024-07-17 12:00:00,2024-07-18 04:00:00
1505,WH_SUB,K4,2024-07-18 04:00:00,2024-07-19 14:00:00
1505,Delivery,Customer,2024-07-19 14:00:00,2024-07-23 03:00:00
1506,Receive,N/A,2024-07-30 08:00:00,2024-07-30 14:00:00
1506,WH_MAIN,WH_MAIN,2024-07-30 14:00:00,2024-07-30 23:00:00
1506,WH_SUB,K3,2024-07-30 23:00:00,2024-08-01 10:00:00
1506,Delivery,Customer,2024-08-01 10:00:00,2024-08-04 16:00:00
1507,Receive,N/A,2024-07-19 08:00:00,2024-07-19 13:00:00
1507,WH_MAIN,WH_MAIN,2024-07-19 13:00:00,2024-07-19 20:00:00
1507,WH_SUB,K3,2024-07-19 20:00:00,2024-07-21 00:00:00
1507,Delivery,Customer,2024-07-21 00:00:00,2024-07-23 23:00:00
1508,Receive,N/A,2024-07-08 08:00:00,2024-07-08 12:00:00
1509,Receive,N/A,2024-07-11 08:00:00,2024-07-11 13:00:00
1509,WH_MAIN,WH_MAIN,2024-07-11 13:00:00,2024-07-12 00:00:00
1509,WH_SUB,K2,2024-07-12 00:00:00,2024-07-14 18:00:00
1509,Delivery,Customer,2024-07-14 18:00:00,2024-07-18 11:00:00
1510,Receive,N/A,2024-07-04 08:00:00,2024-07-04 12:00:00
1510,WH_MAIN,WH_MAIN,2024-07-04 12:00:00,2024-07-05 04:00:00
1510,WH_SUB,K1,2024-07-05 04:00:00,2024-07-06 18:00:00
1510,Delivery,Customer,2024-07-06 18:00:00,2024-07-10 11:00:00
1511,Receive,N/A,2024-07-10 08:00:00,2024-07-10 14:00:00
1511,WH_MAIN,WH_MAIN,2024-07-10 14:00:00,2024-07-11 00:00:00
1511,WH_SUB,K2,2024-07-11 00:00:00,2024-07-13 12:00:00
1511,Delivery,Customer,2024-07-13 12:00:00,2024-07-15 17:00:00
1512,Receive,N/A,2024-07-23 08:00:00,2024-07-23 13:00:00
1513,Receive,N/A,2024-07-01 08:00:00,2024-07-01 18:00:00
1514,Receive,N/A,2024-07-27 08:00:00,2024-07-27 13:00:00
1514,WH_MAIN,WH_MAIN,2024-07-27 13:00:00,2024-07-28 00:00:00
1514,WH_SUB,K4,2024-07-28 00:00:00,2024-07-29 04:00:00
1514,Delivery,Customer,2024-07-29 04:00:00,2024-08-02 04:00:00
1515,Receive,N/A,2024-07-23 08:00:00,2024-07-23 11:00:00
1515,WH_MAIN,WH_MAIN,2024-07-23 11:00:00,2024-07-23 21:00:00
1515,WH_SUB,K3,2024-07-23 21:00:00,2024-07-25 19:00:00
1515,Delivery,Customer,2024-07-25 19:00:00,2024-07-29 12:00:00
1516,Receive,N/A,2024-07-10 08:00:00,2024-07-10 11:00:00
1516,WH_MAIN,WH_MAIN,2024-07-10 11:00:00,2024-07-10 19:00:00
1516,WH_SUB,K3,2024-07-10 19:00:00,2024-07-13 19:00:00
1516,Delivery,Customer,2024-07-13 19:00:00,2024-07-17 14:00:00
1517,Receive,N/A,2024-07-29 08:00:00,2024-07-29 14:00:00
1518,Receive,N/A,2024-07-20 08:00:00,2024-07-20 16:00:00
1518,WH_MAIN,WH_MAIN,2024-07-20 16:00:00,2024-07-20 22:00:00
1518,WH_SUB,K2,2024-07-20 22:00:00,2024-07-23 01:00:00
1518,Delivery,Customer,2024-07-23 01:00:00,2024-07-26 11:00:00
1519,Receive,N/A,2024-07-11 08:00:00,2024-07-11 11:00:00
1519,WH_MAIN,WH_MAIN,2024-07-11 11:00:00,2024-07-11 19:00:00
1519,WH_SUB,K3,2024-07-11 19:00:00,2024-07-13 11:00:00
1519,Delivery,Customer,2024-07-13 11:00:00,2024-07-16 04:00:00
1520,Receive,N/A,2024-07-03 08:00:00,2024-07-03 17:00:00
1520,WH_MAIN,WH_MAIN,2024-07-03 17:00:00,2024-07-04 06:00:00
1520,WH_SUB,K3,2024-07-04 06:00:00,2024-07-06 00:00:00
1520,Delivery,Customer,2024-07-06 00:00:00,2024-07-08 20:00:00
1521,Receive,N/A,2024-07-15 08:00:00,2024-07-15 17:00:00
1521,WH_MAIN,WH_MAIN,2024-07-15 17:00:00,2024-07-15 23:00:00
1521,WH_SUB,K2,2024-07-15 23:00:00,2024-07-18 11:00:00
1521,Delivery,Customer,2024-07-18 11:00:00,2024-07-21 05:00:00
1522,Receive,N/A,2024-07-07 08:00:00,2024-07-07 14:00:00
1522,WH_MAIN,WH_MAIN,2024-07-07 14:00:00,2024-07-08 01:00:00
1522,WH_SUB,K1,2024-07-08 01:00:00,2024-07-10 23:00:00
1522,Delivery,Customer,2024-07-10 23:00:00,2024-07-13 19:00:00
1523,Receive,N/A,2024-07-28 08:00:00,2024-07-28 15:00:00
1523,WH_MAIN,WH_MAIN,2024-07-28 15:00:00,2024-07-29 08:00:00
1523,WH_SUB,K1,2024-07-29 08:00:00,2024-07-30 12:00:00
1523,Delivery,Customer,2024-07-30 12:00:00,2024-08-02 07:00:00
1524,Receive,N/A,2024-07-31 08:00:00,2024-07-31 18:00:00
1524,WH_MAIN,WH_MAIN,2024-07-31 18:00:00,2024-08-01 11:00:00
1524,WH_SUB,K1,2024-08-01 11:00:00,2024-08-02 16:00:00
1524,Delivery,Customer,2024-08-02 16:00:00,2024-08-05 10:00:00
1525,Receive,N/A,2024-07-15 08:00:00,2024-07-15 13:00:00
1525,WH_MAIN,WH_MAIN,2024-07-15 13:00:00,2024-07-16 01:00:00
1525,WH_SUB,K2,2024-07-16 01:00:00,2024-07-18 12:00:00
1525,Delivery,Customer,2024-07-18 12:00:00,2024-07-21 20:00:00
1526,Receive,N/A,2024-07-01 08:00:00,2024-07-01 17:00:00
1526,WH_MAIN,WH_MAIN,2024-07-01 17:00:00,2024-07-02 09:00:00
1526,WH_SUB,K3,2024-07-02 09:00:00,2024-07-04 01:00:00
1526,Delivery,Customer,2024-07-04 01:00:00,2024-07-06 14:00:00
1527,Receive,N/A,2024-07-19 08:00:00,2024-07-19 11:00:00
1527,WH_MAIN,WH_MAIN,2024-07-19 11:00:00,2024-07-19 20:00:00
1527,WH_SUB,K4,2024-07-19 20:00:00,2024-07-21 02:00:00
1528,Receive,N/A,2024-07-12 08:00:00,2024-07-12 18:00:00
1528,WH_MAIN,WH_MAIN,2024-07-12 18:00:00,2024-07-13 12:00:00
1528,WH_SUB,K2,2024-07-13 12:00:00,2024-07-15 04:00:00
1528,Delivery,Customer,2024-07-15 04:00:00,2024-07-18 12:00:00
1529,Receive,N/A,2024-07-09 08:00:00,2024-07-09 17:00:00
1529,WH_MAIN,WH_MAIN,2024-07-09 17:00:00,2024-07-10 04:00:00
1529,WH_SUB,K3,2024-07-10 04:00:00,2024-07-11 08:00:00
1529,Delivery,Customer,2024-07-11 08:00:00,2024-07-15 05:00:00
1530,Receive,N/A,2024-07-15 08:00:00,2024-07-15 16:00:00
1530,WH_MAIN,WH_MAIN,2024-07-15 16:00:00,2024-07-16 03:00:00
1530,WH_SUB,K1,2024-07-16 03:00:00,2024-07-18 07:00:00
1530,Delivery,Customer,2024-07-18 07:00:00,2024-07-20 09:00:00
1531,Receive,N/A,2024-07-04 08:00:00,2024-07-04 15:00:00
1531,WH_MAIN,WH_MAIN,2024-07-04 15:00:00,2024-07-05 01:00:00
1531,WH_SUB,K4,2024-07-05 01:00:00,2024-07-06 16:00:00
1531,Delivery,Customer,2024-07-06 16:00:00,2024-07-10 08:00:00
1532,Receive,N/A,2024-07-10 08:00:00,2024-07-10 17:00:00
1532,WH_MAIN,WH_MAIN,2024-07-10 17:00:00,2024-07-11 07:00:00
1532,WH_SUB,K2,2024-07-11 07:00:00,2024-07-14 05:00:00
1533,Receive,N/A,2024-07-24 08:00:00,2024-07-24 11:00:00
1533,WH_MAIN,WH_MAIN,2024-07-24 11:00:00,2024-07-24 17:00:00
1533,WH_SUB,K1,2024-07-24 17:00:00,2024-07-27 08:00:00
1533,Delivery,Customer,2024-07-27 08:00:00,2024-07-29 14:00:00
1534,Receive,N/A,2024-07-28 08:00:00,2024-07-28 12:00:00
1534,WH_MAIN,WH_MAIN,2024-07-28 12:00:00,2024-07-29 02:00:00
1534,WH_SUB,K3,2024-07-29 02:00:00,2024-07-31 14:00:00
1534,Delivery,Customer,2024-07-31 14:00:00,2024-08-04 02:00:00
1535,Receive,N/A,2024-07-11 08:00:00,2024-07-11 17:00:00
1535,WH_MAIN,WH_MAIN,2024-07-11 17:00:00,2024-07-12 10:00:00
1535,WH_SUB,K1,2024-07-12 10:00:00,2024-07-13 18:00:00
1535,Delivery,Customer,2024-07-13 18:00:00,2024-07-17 05:00:00
1536,Receive,N/A,2024-07-08 08:00:00,2024-07-08 12:00:00
1536,WH_MAIN,WH_MAIN,2024-07-08 12:00:00,2024-07-09 01:00:00
1536,WH_SUB,K1,2024-07-09 01:00:00,2024-07-10 23:00:00
1536,Delivery,Customer,2024-07-10 23:00:00,2024-07-14 20:00:00
1537,Receive,N/A,2024-07-18 08:00:00,2024-07-18 13:00:00
1537,WH_MAIN,WH_MAIN,2024-07-18 13:00:00,2024-07-19 00:00:00
1537,WH_SUB,K2,2024-07-19 00:00:00,2024-07-20 10:00:00
1537,Delivery,Customer,2024-07-20 10:00:00,2024-07-22 12:00:00
1538,Receive,N/A,2024-07-31 08:00:00,2024-07-31 11:00:00
1538,WH_MAIN,WH_MAIN,2024-07-31 11:00:00,2024-07-31 19:00:00
1538,WH_SUB,K2,2024-07-31 19:00:00,2024-08-03 08:00:00
1538,Delivery,Customer,2024-08-03 08:00:00,2024-08-06 23:00:00
1539,Receive,N/A,2024-07-24 08:00:00,2024-07-24 10:00:00
1539,WH_MAIN,WH_MAIN,2024-07-24 10:00:00,2024-07-25 01:00:00
1539,WH_SUB,K3,2024-07-25 01:00:00,2024-07-26 16:00:00
1539,Delivery,Customer,2024-07-26 16:00:00,2024-07-28 17:00:00
1540,Receive,N/A,2024-07-06 08:00:00,2024-07-06 11:00:00
1540,WH_MAIN,WH_MAIN,2024-07-06 11:00:00,2024-07-07 00:00:00
1540,WH_SUB,K3,2024-07-07 00:00:00,2024-07-09 22:00:00
1540,Delivery,Customer,2024-07-09 22:00:00,2024-07-13 07:00:00
1541,Receive,N/A,2024-07-19 08:00:00,2024-07-19 16:00:00
1541,WH_MAIN,WH_MAIN,2024-07-19 16:00:00,2024-07-20 04:00:00
1541,WH_SUB,K4,2024-07-20 04:00:00,2024-07-21 17:00:00
1541,Delivery,Customer,2024-07-21 17:00:00,2024-07-24 19:00:00
1542,Receive,N/A,2024-07-01 08:00:00,2024-07-01 15:00:00
1542,WH_MAIN,WH_MAIN,2024-07-01 15:00:00,2024-07-02 01:00:00
1542,WH_SUB,K2,2024-07-02 01:00:00,2024-07-04 15:00:00
1542,Delivery,Customer,2024-07-04 15:00:00,2024-07-08 07:00:00
1543,Receive,N/A,2024-07-24 08:00:00,2024-07-24 14:00:00
1543,WH_MAIN,WH_MAIN,2024-07-24 14:00:00,2024-07-24 22:00:00
1543,WH_SUB,K3,2024-07-24 22:00:00,2024-07-26 16:00:00
1543,Delivery,Customer,2024-07-26 16:00:00,2024-07-29 13:00:00
1544,Receive,N/A,2024-07-11 08:00:00,2024-07-11 10:00:00
1544,WH_MAIN,WH_MAIN,2024-07-11 10:00:00,2024-07-12 01:00:00
1544,WH_SUB,K1,2024-07-12 01:00:00,2024-07-13 10:00:00
1544,Delivery,Customer,2024-07-13 10:00:00,2024-07-16 05:00:00
1545,Receive,N/A,2024-07-19 08:00:00,2024-07-19 11:00:00
1545,WH_MAIN,WH_MAIN,2024-07-19 11:00:00,2024-07-20 04:00:00
1545,WH_SUB,K4,2024-07-20 04:00:00,2024-07-23 01:00:00
1545,Delivery,Customer,2024-07-23 01:00:00,2024-07-26 00:00:00
1546,Receive,N/A,2024-07-15 08:00:00,2024-07-15 15:00:00
1546,WH_MAIN,WH_MAIN,2024-07-15 15:00:00,2024-07-16 00:00:00
1546,WH_SUB,K1,2024-07-16 00:00:00,2024-07-17 22:00:00
1546,Delivery,Customer,2024-07-17 22:00:00,2024-07-20 09:00:00
1547,Receive,N/A,2024-07-12 08:00:00,2024-07-12 16:00:00
1547,WH_MAIN,WH_MAIN,2024-07-12 16:00:00,2024-07-12 23:00:00
1547,WH_SUB,K2,2024-07-12 23:00:00,2024-07-14 16:00:00
1547,Delivery,Customer,2024-07-14 16:00:00,2024-07-17 02:00:00
1548,Receive,N/A,2024-07-05 08:00:00,2024-07-05 18:00:00
1548,WH_MAIN,WH_MAIN,2024-07-05 18:00:00,2024-07-06 08:00:00
1548,WH_SUB,K3,2024-07-06 08:00:00,2024-07-09 08:00:00
1548,Delivery,Customer,2024-07-09 08:00:00,2024-07-12 09:00:00
1549,Receive,N/A,2024-07-26 08:00:00,2024-07-26 11:00:00
1549,WH_MAIN,WH_MAIN,2024-07-26 11:00:00,2024-07-26 22:00:00
1549,WH_SUB,K1,2024-07-26 22:00:00,2024-07-28 20:00:00
1549,Delivery,Customer,2024-07-28 20:00:00,2024-07-31 03:00:00
1550,Receive,N/A,2024-07-03 08:00:00,2024-07-03 18:00:00
1550,WH_MAIN,WH_MAIN,2024-07-03 18:00:00,2024-07-04 11:00:00
1550,WH_SUB,K1,2024-07-04 11:00:00,2024-07-06 15:00:00
1551,Receive,N/A,2024-07-01 08:00:00,2024-07-01 18:00:00
1551,WH_MAIN,WH_MAIN,2024-07-01 18:00:00,2024-07-02 02:00:00
1551,WH_SUB,K4,2024-07-02 02:00:00,2024-07-03 10:00:00
1551,Delivery,Customer,2024-07-03 10:00:00,2024-07-07 05:00:00
1552,Receive,N/A,2024-07-10 08:00:00,2024-07-10 13:00:00
1552,WH_MAIN,WH_MAIN,2024-07-10 13:00:00,2024-07-10 21:00:00
1552,WH_SUB,K1,2024-07-10 21:00:00,2024-07-12 09:00:00
1552,Delivery,Customer,2024-07-12 09:00:00,2024-07-14 14:00:00
1553,Receive,N/A,2024-07-26 08:00:00,2024-07-26 17:00:00
1554,Receive,N/A,2024-07-20 08:00:00,2024-07-20 14:00:00
1554,WH_MAIN,WH_MAIN,2024-07-20 14:00:00,2024-07-21 02:00:00
1554,WH_SUB,K2,2024-07-21 02:00:00,2024-07-23 06:00:00
1554,Delivery,Customer,2024-07-23 06:00:00,2024-07-26 08:00:00
1555,Receive,N/A,2024-07-16 08:00:00,2024-07-16 18:00:00
1555,WH_MAIN,WH_MAIN,2024-07-16 18:00:00,2024-07-17 09:00:00
1555,WH_SUB,K1,2024-07-17 09:00:00,2024-07-20 07:00:00
1555,Delivery,Customer,2024-07-20 07:00:00,2024-07-23 03:00:00
1556,Receive,N/A,2024-07-01 08:00:00,2024-07-01 14:00:00
1557,Receive,N/A,2024-07-14 08:00:00,2024-07-14 10:00:00
1557,WH_MAIN,WH_MAIN,2024-07-14 10:00:00,2024-07-15 00:00:00
1557,WH_SUB,K3,2024-07-15 00:00:00,2024-07-17 05:00:00
1557,Delivery,Customer,2024-07-17 05:00:00,2024-07-20 00:00:00
1558,Receive,N/A,2024-07-21 08:00:00,2024-07-21 12:00:00
1558,WH_MAIN,WH_MAIN,2024-07-21 12:00:00,2024-07-21 22:00:00
1558,WH_SUB,K2,2024-07-21 22:00:00,2024-07-24 15:00:00
1558,Delivery,Customer,2024-07-24 15:00:00,2024-07-28 14:00:00
1559,Receive,N/A,2024-07-20 08:00:00,2024-07-20 16:00:00
1559,WH_MAIN,WH_MAIN,2024-07-20 16:00:00,2024-07-21 06:00:00
1559,WH_SUB,K4,2024-07-21 06:00:00,2024-07-23 16:00:00
1559,Delivery,Customer,2024-07-23 16:00:00,2024-07-26 09:00:00
1560,Receive,N/A,2024-07-20 08:00:00,2024-07-20 12:00:00
1560,WH_MAIN,WH_MAIN,2024-07-20 12:00:00,2024-07-21 05:00:00
1560,WH_SUB,K1,2024-07-21 05:00:00,2024-07-22 11:00:00
1560,Delivery,Customer,2024-07-22 11:00:00,2024-07-25 04:00:00
1561,Receive,N/A,2024-07-28 08:00:00,2024-07-28 14:00:00
1561,WH_MAIN,WH_MAIN,2024-07-28 14:00:00,2024-07-28 21:00:00
1561,WH_SUB,K2,2024-07-28 21:00:00,2024-07-30 12:00:00
1561,Delivery,Customer,2024-07-30 12:00:00,2024-08-03 01:00:00
1562,Receive,N/A,2024-07-01 08:00:00,2024-07-01 15:00:00
1562,WH_MAIN,WH_MAIN,2024-07-01 15:00:00,2024-07-01 21:00:00
1562,WH_SUB,K2,2024-07-01 21:00:00,2024-07-04 08:00:00
1562,Delivery,Customer,2024-07-04 08:00:00,2024-07-08 04:00:00
1563,Receive,N/A,2024-07-04 08:00:00,2024-07-04 11:00:00
1563,WH_MAIN,WH_MAIN,2024-07-04 11:00:00,2024-07-05 00:00:00
1563,WH_SUB,K3,2024-07-05 00:00:00,2024-07-06 06:00:00
1563,Delivery,Customer,2024-07-06 06:00:00,2024-07-08 08:00:00
1564,Receive,N/A,2024-07-04 08:00:00,2024-07-04 15:00:00
1564,WH_MAIN,WH_MAIN,2024-07-04 15:00:00,2024-07-05 01:00:00
1564,WH_SUB,K1,2024-07-05 01:00:00,2024-07-07 04:00:00
1564,Delivery,Customer,2024-07-07 04:00:00,2024-07-09 04:00:00
1565,Receive,N/A,2024-07-08 08:00:00,2024-07-08 13:00:00
1565,WH_MAIN,WH_MAIN,2024-07-08 13:00:00,2024-07-09 05:00:00
1565,WH_SUB,K1,2024-07-09 05:00:00,2024-07-11 15:00:00
1565,Delivery,Customer,2024-07-11 15:00:00,2024-07-15 15:00:00
1566,Receive,N/A,2024-07-27 08:00:00,2024-07-27 15:00:00
1566,WH_MAIN,WH_MAIN,2024-07-27 15:00:00,2024-07-28 01:00:00
1566,WH_SUB,K3,2024-07-28 01:00:00,2024-07-30 20:00:00
1566,Delivery,Customer,2024-07-30 20:00:00,2024-08-02 05:00:00
1567,Receive,N/A,2024-07-01 08:00:00,2024-07-01 14:00:00
1567,WH_MAIN,WH_MAIN,2024-07-01 14:00:00,2024-07-01 21:00:00
1567,WH_SUB,K4,2024-07-01 21:00:00,2024-07-03 18:00:00
1567,Delivery,Customer,2024-07-03 18:00:00,2024-07-06 07:00:00
1568,Receive,N/A,2024-07-23 08:00:00,2024-07-23 12:00:00
1568,WH_MAIN,WH_MAIN,2024-07-23 12:00:00,2024-07-23 23:00:00
1568,WH_SUB,K3,2024-07-23 23:00:00,2024-07-25 15:00:00
1568,Delivery,Customer,2024-07-25 15:00:00,2024-07-28 14:00:00
1569,Receive,N/A,2024-07-29 08:00:00,2024-07-29 18:00:00
1570,Receive,N/A,2024-07-08 08:00:00,2024-07-08 15:00:00
1570,WH_MAIN,WH_MAIN,2024-07-08 15:00:00,2024-07-09 03:00:00
1570,WH_SUB,K2,2024-07-09 03:00:00,2024-07-11 06:00:00
1570,Delivery,Customer,2024-07-11 06:00:00,2024-07-13 22:00:00
1571,Receive,N/A,2024-07-14 08:00:00,2024-07-14 17:00:00
1571,WH_MAIN,WH_MAIN,2024-07-14 17:00:00,2024-07-15 10:00:00
1571,WH_SUB,K3,2024-07-15 10:00:00,2024-07-17 12:00:00
1571,Delivery,Customer,2024-07-17 12:00:00,2024-07-21 05:00:00
1572,Receive,N/A,2024-07-20 08:00:00,2024-07-20 18:00:00
1572,WH_MAIN,WH_MAIN,2024-07-20 18:00:00,2024-07-21 05:00:00
1572,WH_SUB,K2,2024-07-21 05:00:00,2024-07-22 11:00:00
1572,Delivery,Customer,2024-07-22 11:00:00,2024-07-25 11:00:00
1573,Receive,N/A,2024-07-20 08:00:00,2024-07-20 10:00:00
1573,WH_MAIN,WH_MAIN,2024-07-20 10:00:00,2024-07-20 22:00:00
1573,WH_SUB,K1,2024-07-20 22:00:00,2024-07-22 09:00:00
1573,Delivery,Customer,2024-07-22 09:00:00,2024-07-26 03:00:00
1574,Receive,N/A,2024-07-06 08:00:00,2024-07-06 14:00:00
1574,WH_MAIN,WH_MAIN,2024-07-06 14:00:00,2024-07-07 02:00:00
1574,WH_SUB,K1,2024-07-07 02:00:00,2024-07-09 13:00:00
1574,Delivery,Customer,2024-07-09 13:00:00,2024-07-11 21:00:00
1575,Receive,N/A,2024-07-14 08:00:00,2024-07-14 17:00:00
1575,WH_MAIN,WH_MAIN,2024-07-14 17:00:00,2024-07-15 07:00:00
1575,WH_SUB,K2,2024-07-15 07:00:00,2024-07-16 14:00:00
1575,Delivery,Customer,2024-07-16 14:00:00,2024-07-18 17:00:00
1576,Receive,N/A,2024-07-26 08:00:00,2024-07-26 17:00:00
1576,WH_MAIN,WH_MAIN,2024-07-26 17:00:00,2024-07-27 07:00:00
1576,WH_SUB,K2,2024-07-27 07:00:00,2024-07-29 11:00:00
1576,Delivery,Customer,2024-07-29 11:00:00,2024-08-01 14:00:00
1577,Receive,N/A,2024-07-25 08:00:00,2024-07-25 16:00:00
1577,WH_MAIN,WH_MAIN,2024-07-25 16:00:00,2024-07-26 01:00:00
1577,WH_SUB,K1,2024-07-26 01:00:00,2024-07-28 02:00:00
1578,Receive,N/A,2024-07-04 08:00:00,2024-07-04 16:00:00
1578,WH_MAIN,WH_MAIN,2024-07-04 16:00:00,2024-07-05 01:00:00
1578,WH_SUB,K2,2024-07-05 01:00:00,2024-07-06 11:00:00
1579,Receive,N/A,2024-07-07 08:00:00,2024-07-07 15:00:00
1579,WH_MAIN,WH_MAIN,2024-07-07 15:00:00,2024-07-08 07:00:00
1579,WH_SUB,K1,2024-07-08 07:00:00,2024-07-10 08:00:00
1579,Delivery,Customer,2024-07-10 08:00:00,2024-07-14 01:00:00
1580,Receive,N/A,2024-07-15 08:00:00,2024-07-15 18:00:00
1580,WH_MAIN,WH_MAIN,2024-07-15 18:00:00,2024-07-16 09:00:00
1580,WH_SUB,K3,2024-07-16 09:00:00,2024-07-19 05:00:00
1580,Delivery,Customer,2024-07-19 05:00:00,2024-07-21 17:00:00
1581,Receive,N/A,2024-07-30 08:00:00,2024-07-30 14:00:00
1581,WH_MAIN,WH_MAIN,2024-07-30 14:00:00,2024-07-30 23:00:00
1581,WH_SUB,K1,2024-07-30 23:00:00,2024-08-02 21:00:00
1581,Delivery,Customer,2024-08-02 21:00:00,2024-08-05 07:00:00
1582,Receive,N/A,2024-07-05 08:00:00,2024-07-05 10:00:00
1582,WH_MAIN,WH_MAIN,2024-07-05 10:00:00,2024-07-05 19:00:00
1582,WH_SUB,K1,2024-07-05 19:00:00,2024-07-08 08:00:00
1582,Delivery,Customer,2024-07-08 08:00:00,2024-07-12 06:00:00
1583,Receive,N/A,2024-07-20 08:00:00,2024-07-20 18:00:00
1583,WH_MAIN,WH_MAIN,2024-07-20 18:00:00,2024-07-21 09:00:00
1583,WH_SUB,K4,2024-07-21 09:00:00,2024-07-24 09:00:00
1584,Receive,N/A,2024-07-11 08:00:00,2024-07-11 13:00:00
1584,WH_MAIN,WH_MAIN,2024-07-11 13:00:00,2024-07-12 05:00:00
1584,WH_SUB,K3,2024-07-12 05:00:00,2024-07-14 13:00:00
1585,Receive,N/A,2024-07-03 08:00:00,2024-07-03 11:00:00
1585,WH_MAIN,WH_MAIN,2024-07-03 11:00:00,2024-07-04 05:00:00
1585,WH_SUB,K2,2024-07-04 05:00:00,2024-07-06 01:00:00
1586,Receive,N/A,2024-08-05 08:00:00,2024-08-05 15:00:00
1586,WH_MAIN,WH_MAIN,2024-08-05 15:00:00,2024-08-06 02:00:00
1586,WH_SUB,K1,2024-08-06 02:00:00,2024-08-07 19:00:00
1586,Delivery,Customer,2024-08-07 19:00:00,2024-08-11 16:00:00
1587,Receive,N/A,2024-08-18 08:00:00,2024-08-18 12:00:00
1587,WH_MAIN,WH_MAIN,2024-08-18 12:00:00,2024-08-19 06:00:00
1587,WH_SUB,K3,2024-08-19 06:00:00,2024-08-20 13:00:00
1587,Delivery,Customer,2024-08-20 13:00:00,2024-08-24 07:00:00
1588,Receive,N/A,2024-08-26 08:00:00,2024-08-26 10:00:00
1588,WH_MAIN,WH_MAIN,2024-08-26 10:00:00,2024-08-27 02:00:00
1588,WH_SUB,K1,2024-08-27 02:00:00,2024-08-28 12:00:00
1588,Delivery,Customer,2024-08-28 12:00:00,2024-09-01 07:00:00
1589,Receive,N/A,2024-08-03 08:00:00,2024-08-03 15:00:00
1589,WH_MAIN,WH_MAIN,2024-08-03 15:00:00,2024-08-04 00:00:00
1589,WH_SUB,K3,2024-08-04 00:00:00,2024-08-06 10:00:00
1589,Delivery,Customer,2024-08-06 10:00:00,2024-08-09 11:00:00
1590,Receive,N/A,2024-08-18 08:00:00,2024-08-18 18:00:00
1590,WH_MAIN,WH_MAIN,2024-08-18 18:00:00,2024-08-19 04:00:00
1590,WH_SUB,K1,2024-08-19 04:00:00,2024-08-20 21:00:00
1590,Delivery,Customer,2024-08-20 21:00:00,2024-08-24 10:00:00
1591,Receive,N/A,2024-08-13 08:00:00,2024-08-13 15:00:00
1591,WH_MAIN,WH_MAIN,2024-08-13 15:00:00,2024-08-14 02:00:00
1591,WH_SUB,K4,2024-08-14 02:00:00,2024-08-16 21:00:00
1591,Delivery,Customer,2024-08-16 21:00:00,2024-08-20 06:00:00
1592,Receive,N/A,2024-08-22 08:00:00,2024-08-22 10:00:00
1593,Receive,N/A,2024-08-07 08:00:00,2024-08-07 14:00:00
1594,Receive,N/A,2024-08-06 08:00:00,2024-08-06 11:00:00
1594,WH_MAIN,WH_MAIN,2024-08-06 11:00:00,2024-08-07 05:00:00
1594,WH_SUB,K2,2024-08-07 05:00:00,2024-08-09 22:00:00
1594,Delivery,Customer,2024-08-09 22:00:00,2024-08-13 05:00:00
1595,Receive,N/A,2024-08-26 08:00:00,2024-08-26 13:00:00
1595,WH_MAIN,WH_MAIN,2024-08-26 13:00:00,2024-08-26 19:00:00
1595,WH_SUB,K3,2024-08-26 19:00:00,2024-08-29 09:00:00
1595,Delivery,Customer,2024-08-29 09:00:00,2024-09-01 04:00:00
1596,Receive,N/A,2024-08-21 08:00:00,2024-08-21 17:00:00
1596,WH_MAIN,WH_MAIN,2024-08-21 17:00:00,2024-08-22 11:00:00
1596,WH_SUB,K2,2024-08-22 11:00:00,2024-08-24 08:00:00
1596,Delivery,Customer,2024-08-24 08:00:00,2024-08-27 20:00:00
1597,Receive,N/A,2024-08-13 08:00:00,2024-08-13 13:00:00
1597,WH_MAIN,WH_MAIN,2024-08-13 13:00:00,2024-08-14 06:00:00
1597,WH_SUB,K2,2024-08-14 06:00:00,2024-08-17 00:00:00
1597,Delivery,Customer,2024-08-17 00:00:00,2024-08-20 17:00:00
1598,Receive,N/A,2024-08-29 08:00:00,2024-08-29 17:00:00
1598,WH_MAIN,WH_MAIN,2024-08-29 17:00:00,2024-08-30 06:00:00
1598,WH_SUB,K4,2024-08-30 06:00:00,2024-09-02 05:00:00
1598,Delivery,Customer,2024-09-02 05:00:00,2024-09-05 17:00:00
1599,Receive,N/A,2024-08-29 08:00:00,2024-08-29 18:00:00
1599,WH_MAIN,WH_MAIN,2024-08-29 18:00:00,2024-08-30 11:00:00
1599,WH_SUB,K1,2024-08-30 11:00:00,2024-08-31 23:00:00
1599,Delivery,Customer,2024-08-31 23:00:00,2024-09-04 10:00:00
1600,Receive,N/A,2024-08-14 08:00:00,2024-08-14 18:00:00
1600,WH_MAIN,WH_MAIN,2024-08-14 18:00:00,2024-08-15 06:00:00
1600,WH_SUB,K3,2024-08-15 06:00:00,2024-08-17 08:00:00
1601,Receive,N/A,2024-08-09 08:00:00,2024-08-09 10:00:00
1601,WH_MAIN,WH_MAIN,2024-08-09 10:00:00,2024-08-10 04:00:00
1601,WH_SUB,K3,2024-08-10 04:00:00,2024-08-13 04:00:00
1601,Delivery,Customer,2024-08-13 04:00:00,2024-08-15 23:00:00
1602,Receive,N/A,2024-08-04 08:00:00,2024-08-04 14:00:00
1602,WH_MAIN,WH_MAIN,2024-08-04 14:00:00,2024-08-04 22:00:00
1602,WH_SUB,K1,2024-08-04 22:00:00,2024-08-07 12:00:00
1602,Delivery,Customer,2024-08-07 12:00:00,2024-08-10 01:00:00
1603,Receive,N/A,2024-08-29 08:00:00,2024-08-29 10:00:00
1603,WH_MAIN,WH_MAIN,2024-08-29 10:00:00,2024-08-29 19:00:00
1603,WH_SUB,K4,2024-08-29 19:00:00,2024-08-31 23:00:00
1603,Delivery,Customer,2024-08-31 23:00:00,2024-09-04 01:00:00
1604,Receive,N/A,2024-08-14 08:00:00,2024-08-14 11:00:00
1604,WH_MAIN,WH_MAIN,2024-08-14 11:00:00,2024-08-14 18:00:00
1604,WH_SUB,K1,2024-08-14 18:00:00,2024-08-15 18:00:00
1604,Delivery,Customer,2024-08-15 18:00:00,2024-08-19 14:00:00
1605,Receive,N/A,2024-08-03 08:00:00,2024-08-03 13:00:00
1605,WH_MAIN,WH_MAIN,2024-08-03 13:00:00,2024-08-04 04:00:00
1605,WH_SUB,K3,2024-08-04 04:00:00,2024-08-05 14:00:00
1605,Delivery,Customer,2024-08-05 14:00:00,2024-08-07 18:00:00
1606,Receive,N/A,2024-08-02 08:00:00,2024-08-02 10:00:00
1606,WH_MAIN,WH_MAIN,2024-08-02 10:00:00,2024-08-02 17:00:00
1606,WH_SUB,K4,2024-08-02 17:00:00,2024-08-05 13:00:00
1606,Delivery,Customer,2024-08-05 13:00:00,2024-08-07 16:00:00
1607,Receive,N/A,2024-08-10 08:00:00,2024-08-10 14:00:00
1607,WH_MAIN,WH_MAIN,2024-08-10 14:00:00,2024-08-11 03:00:00
1607,WH_SUB,K3,2024-08-11 03:00:00,2024-08-12 23:00:00
1607,Delivery,Customer,2024-08-12 23:00:00,2024-08-16 00:00:00
1608,Receive,N/A,2024-08-28 08:00:00,2024-08-28 12:00:00
1608,WH_MAIN,WH_MAIN,2024-08-28 12:00:00,2024-08-29 05:00:00
1608,WH_SUB,K4,2024-08-29 05:00:00,2024-08-30 11:00:00
1608,Delivery,Customer,2024-08-30 11:00:00,2024-09-01 17:00:00
1609,Receive,N/A,2024-08-29 08:00:00,2024-08-29 17:00:00
1609,WH_MAIN,WH_MAIN,2024-08-29 17:00:00,2024-08-30 02:00:00
1609,WH_SUB,K1,2024-08-30 02:00:00,2024-09-01 00:00:00
1609,Delivery,Customer,2024-09-01 00:00:00,2024-09-03 14:00:00
1610,Receive,N/A,2024-08-07 08:00:00,2024-08-07 11:00:00
1610,WH_MAIN,WH_MAIN,2024-08-07 11:00:00,2024-08-08 05:00:00
1610,WH_SUB,K2,2024-08-08 05:00:00,2024-08-09 12:00:00
1610,Delivery,Customer,2024-08-09 12:00:00,2024-08-12 06:00:00
1611,Receive,N/A,2024-08-12 08:00:00,2024-08-12 16:00:00
1611,WH_MAIN,WH_MAIN,2024-08-12 16:00:00,2024-08-13 06:00:00
1611,WH_SUB,K1,2024-08-13 06:00:00,2024-08-15 08:00:00
1611,Delivery,Customer,2024-08-15 08:00:00,2024-08-17 22:00:00
1612,Receive,N/A,2024-08-13 08:00:00,2024-08-13 12:00:00
1612,WH_MAIN,WH_MAIN,2024-08-13 12:00:00,2024-08-13 20:00:00
1612,WH_SUB,K3,2024-08-13 20:00:00,2024-08-16 18:00:00
1612,Delivery,Customer,2024-08-16 18:00:00,2024-08-20 09:00:00
1613,Receive,N/A,2024-08-18 08:00:00,2024-08-18 13:00:00
1613,WH_MAIN,WH_MAIN,2024-08-18 13:00:00,2024-08-19 02:00:00
1613,WH_SUB,K1,2024-08-19 02:00:00,2024-08-21 01:00:00
1613,Delivery,Customer,2024-08-21 01:00:00,2024-08-23 03:00:00
1614,Receive,N/A,2024-08-18 08:00:00,2024-08-18 11:00:00
1614,WH_MAIN,WH_MAIN,2024-08-18 11:00:00,2024-08-18 23:00:00
1614,WH_SUB,K3,2024-08-18 23:00:00,2024-08-20 21:00:00
1615,Receive,N/A,2024-08-14 08:00:00,2024-08-14 14:00:00
1615,WH_MAIN,WH_MAIN,2024-08-14 14:00:00,2024-08-15 04:00:00
1615,WH_SUB,K1,2024-08-15 04:00:00,2024-08-16 09:00:00
1615,Delivery,Customer,2024-08-16 09:00:00,2024-08-18 18:00:00
1616,Receive,N/A,2024-08-13 08:00:00,2024-08-13 17:00:00
1616,WH_MAIN,WH_MAIN,2024-08-13 17:00:00,2024-08-14 04:00:00
1616,WH_SUB,K3,2024-08-14 04:00:00,2024-08-16 00:00:00
1616,Delivery,Customer,2024-08-16 00:00:00,2024-08-18 02:00:00
1617,Receive,N/A,2024-08-17 08:00:00,2024-08-17 12:00:00
1617,WH_MAIN,WH_MAIN,2024-08-17 12:00:00,2024-08-17 21:00:00
1617,WH_SUB,K4,2024-08-17 21:00:00,2024-08-19 08:00:00
1617,Delivery,Customer,2024-08-19 08:00:00,2024-08-22 19:00:00
1618,Receive,N/A,2024-08-03 08:00:00,2024-08-03 18:00:00
1618,WH_MAIN,WH_MAIN,2024-08-03 18:00:00,2024-08-04 06:00:00
1618,WH_SUB,K1,2024-08-04 06:00:00,2024-08-06 11:00:00
1618,Delivery,Customer,2024-08-06 11:00:00,2024-08-09 11:00:00
1619,Receive,N/A,2024-08-27 08:00:00,2024-08-27 12:00:00
1619,WH_MAIN,WH_MAIN,2024-08-27 12:00:00,2024-08-28 04:00:00
1619,WH_SUB,K1,2024-08-28 04:00:00,2024-08-31 02:00:00
1619,Delivery,Customer,2024-08-31 02:00:00,2024-09-03 16:00:00
1620,Receive,N/A,2024-08-04 08:00:00,2024-08-04 17:00:00
1620,WH_MAIN,WH_MAIN,2024-08-04 17:00:00,2024-08-05 04:00:00
1620,WH_SUB,K2,2024-08-05 04:00:00,2024-08-07 00:00:00
1620,Delivery,Customer,2024-08-07 00:00:00,2024-08-09 15:00:00
1621,Receive,N/A,2024-08-16 08:00:00,2024-08-16 16:00:00
1621,WH_MAIN,WH_MAIN,2024-08-16 16:00:00,2024-08-17 07:00:00
1621,WH_SUB,K2,2024-08-17 07:00:00,2024-08-19 14:00:00
1621,Delivery,Customer,2024-08-19 14:00:00,2024-08-21 22:00:00
1622,Receive,N/A,2024-08-25 08:00:00,2024-08-25 10:00:00
1623,Receive,N/A,2024-08-28 08:00:00,2024-08-28 15:00:00
1623,WH_MAIN,WH_MAIN,2024-08-28 15:00:00,2024-08-29 00:00:00
1623,WH_SUB,K2,2024-08-29 00:00:00,2024-08-31 23:00:00
1623,Delivery,Customer,2024-08-31 23:00:00,2024-09-03 23:00:00
1624,Receive,N/A,2024-08-03 08:00:00,2024-08-03 14:00:00
1624,WH_MAIN,WH_MAIN,2024-08-03 14:00:00,2024-08-03 20:00:00
1624,WH_SUB,K2,2024-08-03 20:00:00,2024-08-04 20:00:00
1624,Delivery,Customer,2024-08-04 20:00:00,2024-08-08 07:00:00
1625,Receive,N/A,2024-08-03 08:00:00,2024-08-03 10:00:00
1625,WH_MAIN,WH_MAIN,2024-08-03 10:00:00,2024-08-03 23:00:00
1625,WH_SUB,K3,2024-08-03 23:00:00,2024-08-05 00:00:00
1625,Delivery,Customer,2024-08-05 00:00:00,2024-08-08 07:00:00
1626,Receive,N/A,2024-08-23 08:00:00,2024-08-23 16:00:00
1626,WH_MAIN,WH_MAIN,2024-08-23 16:00:00,2024-08-23 22:00:00
1626,WH_SUB,K3,2024-08-23 22:00:00,2024-08-25 20:00:00
1626,Delivery,Customer,2024-08-25 20:00:00,2024-08-28 12:00:00
1627,Receive,N/A,2024-08-23 08:00:00,2024-08-23 11:00:00
1627,WH_MAIN,WH_MAIN,2024-08-23 11:00:00,2024-08-24 05:00:00
1627,WH_SUB,K1,2024-08-24 05:00:00,2024-08-25 17:00:00
1627,Delivery,Customer,2024-08-25 17:00:00,2024-08-28 12:00:00
1628,Receive,N/A,2024-08-14 08:00:00,2024-08-14 13:00:00
1628,WH_MAIN,WH_MAIN,2024-08-14 13:00:00,2024-08-14 19:00:00
1628,WH_SUB,K3,2024-08-14 19:00:00,2024-08-17 19:00:00
1628,Delivery,Customer,2024-08-17 19:00:00,2024-08-21 17:00:00
1629,Receive,N/A,2024-08-18 08:00:00,2024-08-18 16:00:00
1629,WH_MAIN,WH_MAIN,2024-08-18 16:00:00,2024-08-18 22:00:00
1629,WH_SUB,K3,2024-08-18 22:00:00,2024-08-20 23:00:00
1629,Delivery,Customer,2024-08-20 23:00:00,2024-08-24 06:00:00
1630,Receive,N/A,2024-08-27 08:00:00,2024-08-27 13:00:00
1630,WH_MAIN,WH_MAIN,2024-08-27 13:00:00,2024-08-27 21:00:00
1630,WH_SUB,K1,2024-08-27 21:00:00,2024-08-30 15:00:00
1630,Delivery,Customer,2024-08-30 15:00:00,2024-09-03 06:00:00
1631,Receive,N/A,2024-08-22 08:00:00,2024-08-22 10:00:00
1632,Receive,N/A,2024-08-24 08:00:00,2024-08-24 16:00:00
1632,WH_MAIN,WH_MAIN,2024-08-24 16:00:00,2024-08-25 08:00:00
1632,WH_SUB,K3,2024-08-25 08:00:00,2024-08-27 12:00:00
1632,Delivery,Customer,2024-08-27 12:00:00,2024-08-30 20:00:00
1633,Receive,N/A,2024-08-09 08:00:00,2024-08-09 10:00:00
1633,WH_MAIN,WH_MAIN,2024-08-09 10:00:00,2024-08-09 20:00:00
1633,WH_SUB,K1,2024-08-09 20:00:00,2024-08-11 00:00:00
1633,Delivery,Customer,2024-08-11 00:00:00,2024-08-13 05:00:00
1634,Receive,N/A,2024-08-07 08:00:00,2024-08-07 17:00:00
1634,WH_MAIN,WH_MAIN,2024-08-07 17:00:00,2024-08-08 01:00:00
1634,WH_SUB,K2,2024-08-08 01:00:00,2024-08-09 19:00:00
1634,Delivery,Customer,2024-08-09 19:00:00,2024-08-13 13:00:00
1635,Receive,N/A,2024-08-11 08:00:00,2024-08-11 18:00:00
1635,WH_MAIN,WH_MAIN,2024-08-11 18:00:00,2024-08-12 03:00:00
1635,WH_SUB,K4,2024-08-12 03:00:00,2024-08-14 22:00:00
1635,Delivery,Customer,2024-08-14 22:00:00,2024-08-17 19:00:00
1636,Receive,N/A,2024-08-23 08:00:00,2024-08-23 12:00:00
1636,WH_MAIN,WH_MAIN,2024-08-23 12:00:00,2024-08-24 01:00:00
1636,WH_SUB,K1,2024-08-24 01:00:00,2024-08-25 07:00:00
1636,Delivery,Customer,2024-08-25 07:00:00,2024-08-27 09:00:00
1637,Receive,N/A,2024-08-26 08:00:00,2024-08-26 11:00:00
1637,WH_MAIN,WH_MAIN,2024-08-26 11:00:00,2024-08-26 19:00:00
1637,WH_SUB,K2,2024-08-26 19:00:00,2024-08-28 12:00:00
1637,Delivery,Customer,2024-08-28 12:00:00,2024-08-30 19:00:00
1638,Receive,N/A,2024-08-28 08:00:00,2024-08-28 10:00:00
1638,WH_MAIN,WH_MAIN,2024-08-28 10:00:00,2024-08-28 20:00:00
1638,WH_SUB,K2,2024-08-28 20:00:00,2024-08-30 06:00:00
1638,Delivery,Customer,2024-08-30 06:00:00,2024-09-01 17:00:00
1639,Receive,N/A,2024-08-03 08:00:00,2024-08-03 10:00:00
1639,WH_MAIN,WH_MAIN,2024-08-03 10:00:00,2024-08-03 20:00:00
1639,WH_SUB,K1,2024-08-03 20:00:00,2024-08-05 23:00:00
1639,Delivery,Customer,2024-08-05 23:00:00,2024-08-09 07:00:00
1640,Receive,N/A,2024-08-20 08:00:00,2024-08-20 11:00:00
1640,WH_MAIN,WH_MAIN,2024-08-20 11:00:00,2024-08-20 19:00:00
1640,WH_SUB,K2,2024-08-20 19:00:00,2024-08-21 23:00:00
1640,Delivery,Customer,2024-08-21 23:00:00,2024-08-25 04:00:00
1641,Receive,N/A,2024-08-08 08:00:00,2024-08-08 16:00:00
1641,WH_MAIN,WH_MAIN,2024-08-08 16:00:00,2024-08-09 10:00:00
1641,WH_SUB,K3,2024-08-09 10:00:00,2024-08-11 05:00:00
1641,Delivery,Customer,2024-08-11 05:00:00,2024-08-13 19:00:00
1642,Receive,N/A,2024-08-28 08:00:00,2024-08-28 16:00:00
1642,WH_MAIN,WH_MAIN,2024-08-28 16:00:00,2024-08-29 00:00:00
1642,WH_SUB,K4,2024-08-29 00:00:00,2024-08-31 04:00:00
1642,Delivery,Customer,2024-08-31 04:00:00,2024-09-03 08:00:00
1643,Receive,N/A,2024-08-29 08:00:00,2024-08-29 17:00:00
1643,WH_MAIN,WH_MAIN,2024-08-29 17:00:00,2024-08-30 08:00:00
1643,WH_SUB,K2,2024-08-30 08:00:00,2024-09-02 00:00:00
1644,Receive,N/A,2024-08-12 08:00:00,2024-08-12 10:00:00
1644,WH_MAIN,WH_MAIN,2024-08-12 10:00:00,2024-08-13 01:00:00
1644,WH_SUB,K3,2024-08-13 01:00:00,2024-08-14 05:00:00
1645,Receive,N/A,2024-08-09 08:00:00,2024-08-09 18:00:00
1645,WH_MAIN,WH_MAIN,2024-08-09 18:00:00,2024-08-10 09:00:00
1645,WH_SUB,K3,2024-08-10 09:00:00,2024-08-12 04:00:00
1645,Delivery,Customer,2024-08-12 04:00:00,2024-08-15 06:00:00
1646,Receive,N/A,2024-08-22 08:00:00,2024-08-22 10:00:00
1646,WH_MAIN,WH_MAIN,2024-08-22 10:00:00,2024-08-23 02:00:00
1646,WH_SUB,K3,2024-08-23 02:00:00,2024-08-24 11:00:00
1646,Delivery,Customer,2024-08-24 11:00:00,2024-08-27 21:00:00
1647,Receive,N/A,2024-08-16 08:00:00,2024-08-16 11:00:00
1647,WH_MAIN,WH_MAIN,2024-08-16 11:00:00,2024-08-17 02:00:00
1647,WH_SUB,K4,2024-08-17 02:00:00,2024-08-19 15:00:00
1648,Receive,N/A,2024-08-07 08:00:00,2024-08-07 16:00:00
1648,WH_MAIN,WH_MAIN,2024-08-07 16:00:00,2024-08-08 10:00:00
1648,WH_SUB,K3,2024-08-08 10:00:00,2024-08-11 08:00:00
1649,Receive,N/A,2024-08-26 08:00:00,2024-08-26 18:00:00
1649,WH_MAIN,WH_MAIN,2024-08-26 18:00:00,2024-08-27 11:00:00
1649,WH_SUB,K1,2024-08-27 11:00:00,2024-08-29 05:00:00
1649,Delivery,Customer,2024-08-29 05:00:00,2024-09-02 03:00:00
1650,Receive,N/A,2024-08-10 08:00:00,2024-08-10 11:00:00
1650,WH_MAIN,WH_MAIN,2024-08-10 11:00:00,2024-08-10 18:00:00
1650,WH_SUB,K2,2024-08-10 18:00:00,2024-08-11 20:00:00
1650,Delivery,Customer,2024-08-11 20:00:00,2024-08-14 22:00:00
1651,Receive,N/A,2024-08-25 08:00:00,2024-08-25 18:00:00
1651,WH_MAIN,WH_MAIN,2024-08-25 18:00:00,2024-08-26 05:00:00
1651,WH_SUB,K1,2024-08-26 05:00:00,2024-08-28 16:00:00
1651,Delivery,Customer,2024-08-28 16:00:00,2024-08-30 17:00:00
1652,Receive,N/A,2024-08-08 08:00:00,2024-08-08 13:00:00
1652,WH_MAIN,WH_MAIN,2024-08-08 13:00:00,2024-08-09 04:00:00
1652,WH_SUB,K4,2024-08-09 04:00:00,2024-08-11 04:00:00
1652,Delivery,Customer,2024-08-11 04:00:00,2024-08-13 18:00:00
1653,Receive,N/A,2024-08-02 08:00:00,2024-08-02 15:00:00
1653,WH_MAIN,WH_MAIN,2024-08-02 15:00:00,2024-08-03 01:00:00
1653,WH_SUB,K3,2024-08-03 01:00:00,2024-08-04 22:00:00
1653,Delivery,Customer,2024-08-04 22:00:00,2024-08-08 03:00:00
1654,Receive,N/A,2024-08-16 08:00:00,2024-08-16 18:00:00
1654,WH_MAIN,WH_MAIN,2024-08-16 18:00:00,2024-08-17 00:00:00
1654,WH_SUB,K2,2024-08-17 00:00:00,2024-08-20 00:00:00
1654,Delivery,Customer,2024-08-20 00:00:00,2024-08-22 06:00:00
1655,Receive,N/A,2024-08-02 08:00:00,2024-08-02 10:00:00
1655,WH_MAIN,WH_MAIN,2024-08-02 10:00:00,2024-08-02 18:00:00
1655,WH_SUB,K3,2024-08-02 18:00:00,2024-08-03 18:00:00
1655,Delivery,Customer,2024-08-03 18:00:00,2024-08-06 02:00:00
1656,Receive,N/A,2024-08-25 08:00:00,2024-08-25 15:00:00
1657,Receive,N/A,2024-08-31 08:00:00,2024-08-31 10:00:00
1657,WH_MAIN,WH_MAIN,2024-08-31 10:00:00,2024-09-01 02:00:00
1657,WH_SUB,K1,2024-09-01 02:00:00,2024-09-03 12:00:00
1657,Delivery,Customer,2024-09-03 12:00:00,2024-09-06 08:00:00
1658,Receive,N/A,2024-08-25 08:00:00,2024-08-25 18:00:00
1658,WH_MAIN,WH_MAIN,2024-08-25 18:00:00,2024-08-26 03:00:00
1658,WH_SUB,K1,2024-08-26 03:00:00,2024-08-28 07:00:00
1658,Delivery,Customer,2024-08-28 07:00:00,2024-08-31 09:00:00
1659,Receive,N/A,2024-08-05 08:00:00,2024-08-05 12:00:00
1659,WH_MAIN,WH_MAIN,2024-08-05 12:00:00,2024-08-05 18:00:00
1659,WH_SUB,K4,2024-08-05 18:00:00,2024-08-08 12:00:00
1659,Delivery,Customer,2024-08-08 12:00:00,2024-08-12 05:00:00
1660,Receive,N/A,2024-08-11 08:00:00,2024-08-11 11:00:00
1660,WH_MAIN,WH_MAIN,2024-08-11 11:00:00,2024-08-12 00:00:00
1660,WH_SUB,K3,2024-08-12 00:00:00,2024-08-14 14:00:00
1660,Delivery,Customer,2024-08-14 14:00:00,2024-08-17 12:00:00
1661,Receive,N/A,2024-08-25 08:00:00,2024-08-25 13:00:00
1661,WH_MAIN,WH_MAIN,2024-08-25 13:00:00,2024-08-25 19:00:00
1661,WH_SUB,K1,2024-08-25 19:00:00,2024-08-28 16:00:00
1661,Delivery,Customer,2024-08-28 16:00:00,2024-09-01 15:00:00
1662,Receive,N/A,2024-08-12 08:00:00,2024-08-12 11:00:00
1662,WH_MAIN,WH_MAIN,2024-08-12 11:00:00,2024-08-13 05:00:00
1662,WH_SUB,K3,2024-08-13 05:00:00,2024-08-14 07:00:00
1662,Delivery,Customer,2024-08-14 07:00:00,2024-08-17 15:00:00
1663,Receive,N/A,2024-08-27 08:00:00,2024-08-27 11:00:00
1663,WH_MAIN,WH_MAIN,2024-08-27 11:00:00,2024-08-27 23:00:00
1663,WH_SUB,K4,2024-08-27 23:00:00,2024-08-29 08:00:00
1663,Delivery,Customer,2024-08-29 08:00:00,2024-09-01 02:00:00
1664,Receive,N/A,2024-08-09 08:00:00,2024-08-09 13:00:00
1664,WH_MAIN,WH_MAIN,2024-08-09 13:00:00,2024-08-10 07:00:00
1664,WH_SUB,K1,2024-08-10 07:00:00,2024-08-13 04:00:00
1664,Delivery,Customer,2024-08-13 04:00:00,2024-08-16 17:00:00
1665,Receive,N/A,2024-08-21 08:00:00,2024-08-21 10:00:00
1665,WH_MAIN,WH_MAIN,2024-08-21 10:00:00,2024-08-22 02:00:00
1665,WH_SUB,K1,2024-08-22 02:00:00,2024-08-24 23:00:00
1665,Delivery,Customer,2024-08-24 23:00:00,2024-08-28 20:00:00
1666,Receive,N/A,2024-08-11 08:00:00,2024-08-11 10:00:00
1666,WH_MAIN,WH_MAIN,2024-08-11 10:00:00,2024-08-11 21:00:00
1666,WH_SUB,K1,2024-08-11 21:00:00,2024-08-14 15:00:00
1666,Delivery,Customer,2024-08-14 15:00:00,2024-08-18 15:00:00
1667,Receive,N/A,2024-08-02 08:00:00,2024-08-02 10:00:00
1667,WH_MAIN,WH_MAIN,2024-08-02 10:00:00,2024-08-03 00:00:00
1667,WH_SUB,K2,2024-08-03 00:00:00,2024-08-04 20:00:00
1667,Delivery,Customer,2024-08-04 20:00:00,2024-08-08 14:00:00
1668,Receive,N/A,2024-08-01 08:00:00,2024-08-01 15:00:00
1668,WH_MAIN,WH_MAIN,2024-08-01 15:00:00,2024-08-02 00:00:00
1668,WH_SUB,K2,2024-08-02 00:00:00,2024-08-04 18:00:00
1669,Receive,N/A,2024-09-06 08:00:00,2024-09-06 11:00:00
1669,WH_MAIN,WH_MAIN,2024-09-06 11:00:00,2024-09-06 22:00:00
1669,WH_SUB,K1,2024-09-06 22:00:00,2024-09-08 08:00:00
1669,Delivery,Customer,2024-09-08 08:00:00,2024-09-10 20:00:00
1670,Receive,N/A,2024-09-11 08:00:00,2024-09-11 13:00:00
1670,WH_MAIN,WH_MAIN,2024-09-11 13:00:00,2024-09-12 01:00:00
1670,WH_SUB,K2,2024-09-12 01:00:00,2024-09-14 19:00:00
1670,Delivery,Customer,2024-09-14 19:00:00,2024-09-16 22:00:00
1671,Receive,N/A,2024-09-08 08:00:00,2024-09-08 10:00:00
1671,WH_MAIN,WH_MAIN,2024-09-08 10:00:00,2024-09-08 21:00:00
1671,WH_SUB,K2,2024-09-08 21:00:00,2024-09-09 21:00:00
1672,Receive,N/A,2024-09-02 08:00:00,2024-09-02 14:00:00
1672,WH_MAIN,WH_MAIN,2024-09-02 14:00:00,2024-09-03 00:00:00
1672,WH_SUB,K1,2024-09-03 00:00:00,2024-09-04 09:00:00
1673,Receive,N/A,2024-09-13 08:00:00,2024-09-13 11:00:00
1673,WH_MAIN,WH_MAIN,2024-09-13 11:00:00,2024-09-14 05:00:00
1673,WH_SUB,K1,2024-09-14 05:00:00,2024-09-17 03:00:00
1673,Delivery,Customer,2024-09-17 03:00:00,2024-09-20 13:00:00
1674,Receive,N/A,2024-09-27 08:00:00,2024-09-27 13:00:00
1674,WH_MAIN,WH_MAIN,2024-09-27 13:00:00,2024-09-27 22:00:00
1674,WH_SUB,K4,2024-09-27 22:00:00,2024-09-30 00:00:00
1674,Delivery,Customer,2024-09-30 00:00:00,2024-10-02 22:00:00
1675,Receive,N/A,2024-09-11 08:00:00,2024-09-11 18:00:00
1675,WH_MAIN,WH_MAIN,2024-09-11 18:00:00,2024-09-12 09:00:00
1675,WH_SUB,K1,2024-09-12 09:00:00,2024-09-14 08:00:00
1675,Delivery,Customer,2024-09-14 08:00:00,2024-09-18 05:00:00
1676,Receive,N/A,2024-09-15 08:00:00,2024-09-15 16:00:00
1677,Receive,N/A,2024-09-10 08:00:00,2024-09-10 13:00:00
1677,WH_MAIN,WH_MAIN,2024-09-10 13:00:00,2024-09-10 19:00:00
1677,WH_SUB,K2,2024-09-10 19:00:00,2024-09-13 12:00:00
1677,Delivery,Customer,2024-09-13 12:00:00,2024-09-16 03:00:00
1678,Receive,N/A,2024-09-16 08:00:00,2024-09-16 10:00:00
1678,WH_MAIN,WH_MAIN,2024-09-16 10:00:00,2024-09-17 04:00:00
1678,WH_SUB,K2,2024-09-17 04:00:00,2024-09-18 12:00:00
1678,Delivery,Customer,2024-09-18 12:00:00,2024-09-22 08:00:00
1679,Receive,N/A,2024-09-05 08:00:00,2024-09-05 12:00:00
1679,WH_MAIN,WH_MAIN,2024-09-05 12:00:00,2024-09-06 02:00:00
1679,WH_SUB,K2,2024-09-06 02:00:00,2024-09-07 06:00:00
1679,Delivery,Customer,2024-09-07 06:00:00,2024-09-09 22:00:00
1680,Receive,N/A,2024-09-09 08:00:00,2024-09-09 16:00:00
1680,WH_MAIN,WH_MAIN,2024-09-09 16:00:00,2024-09-10 06:00:00
1680,WH_SUB,K2,2024-09-10 06:00:00,2024-09-12 03:00:00
1680,Delivery,Customer,2024-09-12 03:00:00,2024-09-16 01:00:00
1681,Receive,N/A,2024-09-05 08:00:00,2024-09-05 14:00:00
1681,WH_MAIN,WH_MAIN,2024-09-05 14:00:00,2024-09-05 23:00:00
1681,WH_SUB,K1,2024-09-05 23:00:00,2024-09-08 21:00:00
1681,Delivery,Customer,2024-09-08 21:00:00,2024-09-12 17:00:00
1682,Receive,N/A,2024-09-14 08:00:00,2024-09-14 10:00:00
1682,WH_MAIN,WH_MAIN,2024-09-14 10:00:00,2024-09-14 20:00:00
1682,WH_SUB,K1,2024-09-14 20:00:00,2024-09-15 21:00:00
1682,Delivery,Customer,2024-09-15 21:00:00,2024-09-19 16:00:00
1683,Receive,N/A,2024-09-13 08:00:00,2024-09-13 11:00:00
1683,WH_MAIN,WH_MAIN,2024-09-13 11:00:00,2024-09-13 22:00:00
1683,WH_SUB,K2,2024-09-13 22:00:00,2024-09-16 06:00:00
1683,Delivery,Customer,2024-09-16 06:00:00,2024-09-20 00:00:00
1684,Receive,N/A,2024-09-02 08:00:00,2024-09-02 12:00:00
1684,WH_MAIN,WH_MAIN,2024-09-02 12:00:00,2024-09-03 03:00:00
1684,WH_SUB,K2,2024-09-03 03:00:00,2024-09-06 01:00:00
1684,Delivery,Customer,2024-09-06 01:00:00,2024-09-09 12:00:00
1685,Receive,N/A,2024-09-27 08:00:00,2024-09-27 11:00:00
1685,WH_MAIN,WH_MAIN,2024-09-27 11:00:00,2024-09-28 04:00:00
1685,WH_SUB,K2,2024-09-28 04:00:00,2024-09-29 14:00:00
1685,Delivery,Customer,2024-09-29 14:00:00,2024-10-03 12:00:00
1686,Receive,N/A,2024-09-17 08:00:00,2024-09-17 15:00:00
1686,WH_MAIN,WH_MAIN,2024-09-17 15:00:00,2024-09-18 02:00:00
1686,WH_SUB,K1,2024-09-18 02:00:00,2024-09-19 16:00:00
1686,Delivery,Customer,2024-09-19 16:00:00,2024-09-22 15:00:00
1687,Receive,N/A,2024-09-28 08:00:00,2024-09-28 17:00:00
1688,Receive,N/A,2024-09-04 08:00:00,2024-09-04 18:00:00
1688,WH_MAIN,WH_MAIN,2024-09-04 18:00:00,2024-09-05 00:00:00
1688,WH_SUB,K1,2024-09-05 00:00:00,2024-09-06 18:00:00
1688,Delivery,Customer,2024-09-06 18:00:00,2024-09-10 09:00:00
1689,Receive,N/A,2024-09-21 08:00:00,2024-09-21 10:00:00
1689,WH_MAIN,WH_MAIN,2024-09-21 10:00:00,2024-09-21 17:00:00
1689,WH_SUB,K1,2024-09-21 17:00:00,2024-09-23 05:00:00
1689,Delivery,Customer,2024-09-23 05:00:00,2024-09-26 14:00:00
1690,Receive,N/A,2024-09-25 08:00:00,2024-09-25 10:00:00
1690,WH_MAIN,WH_MAIN,2024-09-25 10:00:00,2024-09-26 04:00:00
1690,WH_SUB,K2,2024-09-26 04:00:00,2024-09-28 08:00:00
1690,Delivery,Customer,2024-09-28 08:00:00,2024-10-01 07:00:00
1691,Receive,N/A,2024-09-01 08:00:00,2024-09-01 10:00:00
1691,WH_MAIN,WH_MAIN,2024-09-01 10:00:00,2024-09-01 20:00:00
1691,WH_SUB,K1,2024-09-01 20:00:00,2024-09-03 21:00:00
1691,Delivery,Customer,2024-09-03 21:00:00,2024-09-06 03:00:00
1692,Receive,N/A,2024-09-26 08:00:00,2024-09-26 10:00:00
1693,Receive,N/A,2024-09-10 08:00:00,2024-09-10 10:00:00
1693,WH_MAIN,WH_MAIN,2024-09-10 10:00:00,2024-09-10 16:00:00
1693,WH_SUB,K3,2024-09-10 16:00:00,2024-09-12 16:00:00
1693,Delivery,Customer,2024-09-12 16:00:00,2024-09-14 18:00:00
1694,Receive,N/A,2024-09-04 08:00:00,2024-09-04 14:00:00
1694,WH_MAIN,WH_MAIN,2024-09-04 14:00:00,2024-09-05 05:00:00
1694,WH_SUB,K2,2024-09-05 05:00:00,2024-09-06 20:00:00
1694,Delivery,Customer,2024-09-06 20:00:00,2024-09-09 23:00:00
1695,Receive,N/A,2024-09-07 08:00:00,2024-09-07 18:00:00
1695,WH_MAIN,WH_MAIN,2024-09-07 18:00:00,2024-09-08 00:00:00
1695,WH_SUB,K3,2024-09-08 00:00:00,2024-09-10 04:00:00
1695,Delivery,Customer,2024-09-10 04:00:00,2024-09-12 19:00:00
1696,Receive,N/A,2024-09-07 08:00:00,2024-09-07 18:00:00
1696,WH_MAIN,WH_MAIN,2024-09-07 18:00:00,2024-09-08 02:00:00
1696,WH_SUB,K4,2024-09-08 02:00:00,2024-09-10 18:00:00
1696,Delivery,Customer,2024-09-10 18:00:00,2024-09-13 22:00:00
1697,Receive,N/A,2024-09-16 08:00:00,2024-09-16 12:00:00
1697,WH_MAIN,WH_MAIN,2024-09-16 12:00:00,2024-09-17 02:00:00
1697,WH_SUB,K2,2024-09-17 02:00:00,2024-09-19 22:00:00
1697,Delivery,Customer,2024-09-19 22:00:00,2024-09-22 08:00:00
1698,Receive,N/A,2024-09-06 08:00:00,2024-09-06 14:00:00
1698,WH_MAIN,WH_MAIN,2024-09-06 14:00:00,2024-09-07 04:00:00
1698,WH_SUB,K4,2024-09-07 04:00:00,2024-09-08 21:00:00
1698,Delivery,Customer,2024-09-08 21:00:00,2024-09-12 20:00:00
1699,Receive,N/A,2024-09-07 08:00:00,2024-09-07 11:00:00
1699,WH_MAIN,WH_MAIN,2024-09-07 11:00:00,2024-09-07 22:00:00
1699,WH_SUB,K1,2024-09-07 22:00:00,2024-09-09 03:00:00
1699,Delivery,Customer,2024-09-09 03:00:00,2024-09-12 18:00:00
1700,Receive,N/A,2024-09-16 08:00:00,2024-09-16 13:00:00
1700,WH_MAIN,WH_MAIN,2024-09-16 13:00:00,2024-09-16 22:00:00
1700,WH_SUB,K1,2024-09-16 22:00:00,2024-09-19 22:00:00
1700,Delivery,Customer,2024-09-19 22:00:00,2024-09-21 23:00:00
1701,Receive,N/A,2024-09-13 08:00:00,2024-09-13 15:00:00
1701,WH_MAIN,WH_MAIN,2024-09-13 15:00:00,2024-09-14 09:00:00
1701,WH_SUB,K1,2024-09-14 09:00:00,2024-09-17 02:00:00
1701,Delivery,Customer,2024-09-17 02:00:00,2024-09-19 20:00:00
1702,Receive,N/A,2024-09-06 08:00:00,2024-09-06 12:00:00
1702,WH_MAIN,WH_MAIN,2024-09-06 12:00:00,2024-09-07 01:00:00
1702,WH_SUB,K3,2024-09-07 01:00:00,2024-09-08 04:00:00
1702,Delivery,Customer,2024-09-08 04:00:00,2024-09-10 14:00:00
1703,Receive,N/A,2024-09-06 08:00:00,2024-09-06 11:00:00
1703,WH_MAIN,WH_MAIN,2024-09-06 11:00:00,2024-09-06 17:00:00
1703,WH_SUB,K4,2024-09-06 17:00:00,2024-09-08 01:00:00
1703,Delivery,Customer,2024-09-08 01:00:00,2024-09-11 10:00:00
1704,Receive,N/A,2024-09-19 08:00:00,2024-09-19 17:00:00
1704,WH_MAIN,WH_MAIN,2024-09-19 17:00:00,2024-09-20 07:00:00
1704,WH_SUB,K4,2024-09-20 07:00:00,2024-09-22 18:00:00
1704,Delivery,Customer,2024-09-22 18:00:00,2024-09-26 06:00:00
1705,Receive,N/A,2024-09-24 08:00:00,2024-09-24 16:00:00
1705,WH_MAIN,WH_MAIN,2024-09-24 16:00:00,2024-09-25 01:00:00
1705,WH_SUB,K1,2024-09-25 01:00:00,2024-09-26 17:00:00
1705,Delivery,Customer,2024-09-26 17:00:00,2024-09-29 11:00:00
1706,Receive,N/A,2024-09-11 08:00:00,2024-09-11 16:00:00
1706,WH_MAIN,WH_MAIN,2024-09-11 16:00:00,2024-09-12 09:00:00
1706,WH_SUB,K2,2024-09-12 09:00:00,2024-09-13 14:00:00
1706,Delivery,Customer,2024-09-13 14:00:00,2024-09-16 06:00:00
1707,Receive,N/A,2024-09-27 08:00:00,2024-09-27 16:00:00
1707,WH_MAIN,WH_MAIN,2024-09-27 16:00:00,2024-09-28 02:00:00
1707,WH_SUB,K4,2024-09-28 02:00:00,2024-09-30 03:00:00
1707,Delivery,Customer,2024-09-30 03:00:00,2024-10-03 15:00:00
1708,Receive,N/A,2024-09-23 08:00:00,2024-09-23 14:00:00
1708,WH_MAIN,WH_MAIN,2024-09-23 14:00:00,2024-09-24 05:00:00
1708,WH_SUB,K2,2024-09-24 05:00:00,2024-09-25 16:00:00
1708,Delivery,Customer,2024-09-25 16:00:00,2024-09-28 04:00:00
1709,Receive,N/A,2024-09-11 08:00:00,2024-09-11 15:00:00
1709,WH_MAIN,WH_MAIN,2024-09-11 15:00:00,2024-09-12 04:00:00
1709,WH_SUB,K1,2024-09-12 04:00:00,2024-09-14 19:00:00
1709,Delivery,Customer,2024-09-14 19:00:00,2024-09-16 20:00:00
1710,Receive,N/A,2024-09-17 08:00:00,2024-09-17 10:00:00
1710,WH_MAIN,WH_MAIN,2024-09-17 10:00:00,2024-09-17 17:00:00
1710,WH_SUB,K3,2024-09-17 17:00:00,2024-09-19 04:00:00
1710,Delivery,Customer,2024-09-19 04:00:00,2024-09-22 02:00:00
1711,Receive,N/A,2024-09-22 08:00:00,2024-09-22 11:00:00
1712,Receive,N/A,2024-09-05 08:00:00,2024-09-05 10:00:00
1712,WH_MAIN,WH_MAIN,2024-09-05 10:00:00,2024-09-05 21:00:00
1712,WH_SUB,K4,2024-09-05 21:00:00,2024-09-08 19:00:00
1712,Delivery,Customer,2024-09-08 19:00:00,2024-09-10 21:00:00
1713,Receive,N/A,2024-09-18 08:00:00,2024-09-18 10:00:00
1713,WH_MAIN,WH_MAIN,2024-09-18 10:00:00,2024-09-19 03:00:00
1713,WH_SUB,K4,2024-09-19 03:00:00,2024-09-20 23:00:00
1713,Delivery,Customer,2024-09-20 23:00:00,2024-09-23 11:00:00
1714,Receive,N/A,2024-09-20 08:00:00,2024-09-20 13:00:00
1714,WH_MAIN,WH_MAIN,2024-09-20 13:00:00,2024-09-21 04:00:00
1714,WH_SUB,K2,2024-09-21 04:00:00,2024-09-23 18:00:00
1714,Delivery,Customer,2024-09-23 18:00:00,2024-09-26 08:00:00
1715,Receive,N/A,2024-09-17 08:00:00,2024-09-17 13:00:00
1715,WH_MAIN,WH_MAIN,2024-09-17 13:00:00,2024-09-18 01:00:00
1715,WH_SUB,K4,2024-09-18 01:00:00,2024-09-19 06:00:00
1715,Delivery,Customer,2024-09-19 06:00:00,2024-09-22 18:00:00
1716,Receive,N/A,2024-09-22 08:00:00,2024-09-22 13:00:00
1716,WH_MAIN,WH_MAIN,2024-09-22 13:00:00,2024-09-23 06:00:00
1716,WH_SUB,K3,2024-09-23 06:00:00,2024-09-24 13:00:00
1716,Delivery,Customer,2024-09-24 13:00:00,2024-09-27 10:00:00
1717,Receive,N/A,2024-09-23 08:00:00,2024-09-23 15:00:00
1717,WH_MAIN,WH_MAIN,2024-09-23 15:00:00,2024-09-23 23:00:00
1717,WH_SUB,K1,2024-09-23 23:00:00,2024-09-25 13:00:00
1717,Delivery,Customer,2024-09-25 13:00:00,2024-09-29 10:00:00
1718,Receive,N/A,2024-09-26 08:00:00,2024-09-26 11:00:00
1718,WH_MAIN,WH_MAIN,2024-09-26 11:00:00,2024-09-27 01:00:00
1718,WH_SUB,K3,2024-09-27 01:00:00,2024-09-29 22:00:00
1718,Delivery,Customer,2024-09-29 22:00:00,2024-10-03 13:00:00
1719,Receive,N/A,2024-09-07 08:00:00,2024-09-07 16:00:00
1720,Receive,N/A,2024-09-26 08:00:00,2024-09-26 15:00:00
1720,WH_MAIN,WH_MAIN,2024-09-26 15:00:00,2024-09-27 04:00:00
1720,WH_SUB,K3,2024-09-27 04:00:00,2024-09-29 12:00:00
1720,Delivery,Customer,2024-09-29 12:00:00,2024-10-03 01:00:00
1721,Receive,N/A,2024-09-28 08:00:00,2024-09-28 13:00:00
1721,WH_MAIN,WH_MAIN,2024-09-28 13:00:00,2024-09-29 07:00:00
1721,WH_SUB,K4,2024-09-29 07:00:00,2024-10-01 13:00:00
1721,Delivery,Customer,2024-10-01 13:00:00,2024-10-03 22:00:00
1722,Receive,N/A,2024-09-11 08:00:00,2024-09-11 12:00:00
1723,Receive,N/A,2024-09-21 08:00:00,2024-09-21 12:00:00
1723,WH_MAIN,WH_MAIN,2024-09-21 12:00:00,2024-09-22 06:00:00
1723,WH_SUB,K1,2024-09-22 06:00:00,2024-09-23 18:00:00
1723,Delivery,Customer,2024-09-23 18:00:00,2024-09-26 04:00:00
1724,Receive,N/A,2024-09-14 08:00:00,2024-09-14 14:00:00
1724,WH_MAIN,WH_MAIN,2024-09-14 14:00:00,2024-09-15 06:00:00
1724,WH_SUB,K3,2024-09-15 06:00:00,2024-09-17 11:00:00
1724,Delivery,Customer,2024-09-17 11:00:00,2024-09-21 10:00:00
1725,Receive,N/A,2024-09-28 08:00:00,2024-09-28 14:00:00
1725,WH_MAIN,WH_MAIN,2024-09-28 14:00:00,2024-09-29 01:00:00
1725,WH_SUB,K3,2024-09-29 01:00:00,2024-10-01 07:00:00
1725,Delivery,Customer,2024-10-01 07:00:00,2024-10-05 07:00:00
1726,Receive,N/A,2024-09-15 08:00:00,2024-09-15 13:00:00
1726,WH_MAIN,WH_MAIN,2024-09-15 13:00:00,2024-09-16 05:00:00
1726,WH_SUB,K2,2024-09-16 05:00:00,2024-09-18 15:00:00
1727,Receive,N/A,2024-09-15 08:00:00,2024-09-15 14:00:00
1727,WH_MAIN,WH_MAIN,2024-09-15 14:00:00,2024-09-16 05:00:00
1727,WH_SUB,K3,2024-09-16 05:00:00,2024-09-17 23:00:00
1727,Delivery,Customer,2024-09-17 23:00:00,2024-09-21 03:00:00
1728,Receive,N/A,2024-09-13 08:00:00,2024-09-13 12:00:00
1728,WH_MAIN,WH_MAIN,2024-09-13 12:00:00,2024-09-14 03:00:00
1728,WH_SUB,K3,2024-09-14 03:00:00,2024-09-16 21:00:00
1728,Delivery,Customer,2024-09-16 21:00:00,2024-09-20 20:00:00
1729,Receive,N/A,2024-09-17 08:00:00,2024-09-17 12:00:00
1729,WH_MAIN,WH_MAIN,2024-09-17 12:00:00,2024-09-18 04:00:00
1729,WH_SUB,K2,2024-09-18 04:00:00,2024-09-21 01:00:00
1729,Delivery,Customer,2024-09-21 01:00:00,2024-09-24 04:00:00
1730,Receive,N/A,2024-09-12 08:00:00,2024-09-12 14:00:00
1730,WH_MAIN,WH_MAIN,2024-09-12 14:00:00,2024-09-13 00:00:00
1730,WH_SUB,K3,2024-09-13 00:00:00,2024-09-14 20:00:00
1731,Receive,N/A,2024-09-03 08:00:00,2024-09-03 13:00:00
1731,WH_MAIN,WH_MAIN,2024-09-03 13:00:00,2024-09-04 04:00:00
1731,WH_SUB,K4,2024-09-04 04:00:00,2024-09-05 23:00:00
1732,Receive,N/A,2024-09-21 08:00:00,2024-09-21 11:00:00
1732,WH_MAIN,WH_MAIN,2024-09-21 11:00:00,2024-09-21 22:00:00
1732,WH_SUB,K4,2024-09-21 22:00:00,2024-09-23 15:00:00
1732,Delivery,Customer,2024-09-23 15:00:00,2024-09-26 01:00:00
1733,Receive,N/A,2024-09-02 08:00:00,2024-09-02 14:00:00
1733,WH_MAIN,WH_MAIN,2024-09-02 14:00:00,2024-09-03 02:00:00
1733,WH_SUB,K1,2024-09-03 02:00:00,2024-09-05 02:00:00
1733,Delivery,Customer,2024-09-05 02:00:00,2024-09-07 11:00:00
1734,Receive,N/A,2024-09-22 08:00:00,2024-09-22 15:00:00
1734,WH_MAIN,WH_MAIN,2024-09-22 15:00:00,2024-09-23 03:00:00
1734,WH_SUB,K2,2024-09-23 03:00:00,2024-09-24 06:00:00
1734,Delivery,Customer,2024-09-24 06:00:00,2024-09-27 21:00:00
1735,Receive,N/A,2024-09-14 08:00:00,2024-09-14 15:00:00
1735,WH_MAIN,WH_MAIN,2024-09-14 15:00:00,2024-09-14 21:00:00
1735,WH_SUB,K3,2024-09-14 21:00:00,2024-09-17 01:00:00
1736,Receive,N/A,2024-09-07 08:00:00,2024-09-07 11:00:00
1736,WH_MAIN,WH_MAIN,2024-09-07 11:00:00,2024-09-07 17:00:00
1736,WH_SUB,K4,2024-09-07 17:00:00,2024-09-10 11:00:00
1736,Delivery,Customer,2024-09-10 11:00:00,2024-09-14 02:00:00
1737,Receive,N/A,2024-09-16 08:00:00,2024-09-16 15:00:00
1737,WH_MAIN,WH_MAIN,2024-09-16 15:00:00,2024-09-17 02:00:00
1737,WH_SUB,K3,2024-09-17 02:00:00,2024-09-19 05:00:00
1737,Delivery,Customer,2024-09-19 05:00:00,2024-09-22 10:00:00
1738,Receive,N/A,2024-09-06 08:00:00,2024-09-06 11:00:00
1738,WH_MAIN,WH_MAIN,2024-09-06 11:00:00,2024-09-06 22:00:00
1738,WH_SUB,K2,2024-09-06 22:00:00,2024-09-07 23:00:00
1739,Receive,N/A,2024-09-04 08:00:00,2024-09-04 17:00:00
1739,WH_MAIN,WH_MAIN,2024-09-04 17:00:00,2024-09-05 09:00:00
1739,WH_SUB,K2,2024-09-05 09:00:00,2024-09-07 06:00:00
1739,Delivery,Customer,2024-09-07 06:00:00,2024-09-10 10:00:00
1740,Receive,N/A,2024-09-26 08:00:00,2024-09-26 17:00:00
1740,WH_MAIN,WH_MAIN,2024-09-26 17:00:00,2024-09-26 23:00:00
1740,WH_SUB,K1,2024-09-26 23:00:00,2024-09-28 18:00:00
1740,Delivery,Customer,2024-09-28 18:00:00,2024-10-01 09:00:00
1741,Receive,N/A,2024-09-28 08:00:00,2024-09-28 16:00:00
1741,WH_MAIN,WH_MAIN,2024-09-28 16:00:00,2024-09-29 08:00:00
1741,WH_SUB,K2,2024-09-29 08:00:00,2024-10-02 06:00:00
1741,Delivery,Customer,2024-10-02 06:00:00,2024-10-05 08:00:00
1742,Receive,N/A,2024-09-09 08:00:00,2024-09-09 14:00:00
1742,WH_MAIN,WH_MAIN,2024-09-09 14:00:00,2024-09-10 04:00:00
1742,WH_SUB,K2,2024-09-10 04:00:00,2024-09-12 14:00:00
1742,Delivery,Customer,2024-09-12 14:00:00,2024-09-16 02:00:00
1743,Receive,N/A,2024-09-06 08:00:00,2024-09-06 10:00:00
1743,WH_MAIN,WH_MAIN,2024-09-06 10:00:00,2024-09-06 22:00:00
1743,WH_SUB,K3,2024-09-06 22:00:00,2024-09-08 05:00:00
1744,Receive,N/A,2024-09-04 08:00:00,2024-09-04 14:00:00
1744,WH_MAIN,WH_MAIN,2024-09-04 14:00:00,2024-09-04 23:00:00
1744,WH_SUB,K4,2024-09-04 23:00:00,2024-09-07 13:00:00
1744,Delivery,Customer,2024-09-07 13:00:00,2024-09-10 00:00:00
1745,Receive,N/A,2024-09-20 08:00:00,2024-09-20 10:00:00
1745,WH_MAIN,WH_MAIN,2024-09-20 10:00:00,2024-09-21 01:00:00
1745,WH_SUB,K2,2024-09-21 01:00:00,2024-09-23 05:00:00
1745,Delivery,Customer,2024-09-23 05:00:00,2024-09-25 15:00:00
1746,Receive,N/A,2024-09-16 08:00:00,2024-09-16 11:00:00
1746,WH_MAIN,WH_MAIN,2024-09-16 11:00:00,2024-09-17 04:00:00
1746,WH_SUB,K1,2024-09-17 04:00:00,2024-09-19 13:00:00
1746,Delivery,Customer,2024-09-19 13:00:00,2024-09-23 02:00:00
1747,Receive,N/A,2024-09-10 08:00:00,2024-09-10 17:00:00
1747,WH_MAIN,WH_MAIN,2024-09-10 17:00:00,2024-09-11 02:00:00
1747,WH_SUB,K2,2024-09-11 02:00:00,2024-09-12 16:00:00
1747,Delivery,Customer,2024-09-12 16:00:00,2024-09-14 18:00:00
1748,Receive,N/A,2024-09-10 08:00:00,2024-09-10 14:00:00
1748,WH_MAIN,WH_MAIN,2024-09-10 14:00:00,2024-09-11 03:00:00
1748,WH_SUB,K1,2024-09-11 03:00:00,2024-09-12 10:00:00
1748,Delivery,Customer,2024-09-12 10:00:00,2024-09-15 08:00:00
1749,Receive,N/A,2024-09-18 08:00:00,2024-09-18 17:00:00
1749,WH_MAIN,WH_MAIN,2024-09-18 17:00:00,2024-09-19 06:00:00
1749,WH_SUB,K2,2024-09-19 06:00:00,2024-09-21 10:00:00
1749,Delivery,Customer,2024-09-21 10:00:00,2024-09-23 19:00:00
1750,Receive,N/A,2024-09-13 08:00:00,2024-09-13 16:00:00
1750,WH_MAIN,WH_MAIN,2024-09-13 16:00:00,2024-09-14 01:00:00
1750,WH_SUB,K4,2024-09-14 01:00:00,2024-09-15 13:00:00
1750,Delivery,Customer,2024-09-15 13:00:00,2024-09-19 01:00:00
1751,Receive,N/A,2024-09-04 08:00:00,2024-09-04 15:00:00
1751,WH_MAIN,WH_MAIN,2024-09-04 15:00:00,2024-09-04 22:00:00
1751,WH_SUB,K4,2024-09-04 22:00:00,2024-09-07 11:00:00
1751,Delivery,Customer,2024-09-07 11:00:00,2024-09-10 09:00:00
1752,Receive,N/A,2024-10-26 08:00:00,2024-10-26 15:00:00
1752,WH_MAIN,WH_MAIN,2024-10-26 15:00:00,2024-10-27 03:00:00
1752,WH_SUB,K4,2024-10-27 03:00:00,2024-10-28 13:00:00
1752,Delivery,Customer,2024-10-28 13:00:00,2024-10-31 20:00:00
1753,Receive,N/A,2024-10-09 08:00:00,2024-10-09 14:00:00
1753,WH_MAIN,WH_MAIN,2024-10-09 14:00:00,2024-10-10 05:00:00
1753,WH_SUB,K2,2024-10-10 05:00:00,2024-10-12 20:00:00
1753,Delivery,Customer,2024-10-12 20:00:00,2024-10-15 19:00:00
1754,Receive,N/A,2024-10-27 08:00:00,2024-10-27 12:00:00
1754,WH_MAIN,WH_MAIN,2024-10-27 12:00:00,2024-10-28 05:00:00
1754,WH_SUB,K1,2024-10-28 05:00:00,2024-10-30 03:00:00
1754,Delivery,Customer,2024-10-30 03:00:00,2024-11-02 09:00:00
1755,Receive,N/A,2024-10-29 08:00:00,2024-10-29 18:00:00
1755,WH_MAIN,WH_MAIN,2024-10-29 18:00:00,2024-10-30 04:00:00
1755,WH_SUB,K4,2024-10-30 04:00:00,2024-11-01 13:00:00
1755,Delivery,Customer,2024-11-01 13:00:00,2024-11-04 01:00:00
1756,Receive,N/A,2024-10-11 08:00:00,2024-10-11 18:00:00
1756,WH_MAIN,WH_MAIN,2024-10-11 18:00:00,2024-10-12 02:00:00
1756,WH_SUB,K4,2024-10-12 02:00:00,2024-10-13 13:00:00
1756,Delivery,Customer,2024-10-13 13:00:00,2024-10-16 03:00:00
1757,Receive,N/A,2024-10-16 08:00:00,2024-10-16 16:00:00
1757,WH_MAIN,WH_MAIN,2024-10-16 16:00:00,2024-10-16 22:00:00
1757,WH_SUB,K3,2024-10-16 22:00:00,2024-10-19 05:00:00
1757,Delivery,Customer,2024-10-19 05:00:00,2024-10-22 00:00:00
1758,Receive,N/A,2024-10-02 08:00:00,2024-10-02 14:00:00
1758,WH_MAIN,WH_MAIN,2024-10-02 14:00:00,2024-10-03 04:00:00
1758,WH_SUB,K3,2024-10-03 04:00:00,2024-10-04 15:00:00
1758,Delivery,Customer,2024-10-04 15:00:00,2024-10-07 09:00:00
1759,Receive,N/A,2024-10-10 08:00:00,2024-10-10 16:00:00
1759,WH_MAIN,WH_MAIN,2024-10-10 16:00:00,2024-10-10 23:00:00
1759,WH_SUB,K4,2024-10-10 23:00:00,2024-10-12 14:00:00
1759,Delivery,Customer,2024-10-12 14:00:00,2024-10-14 17:00:00
1760,Receive,N/A,2024-10-19 08:00:00,2024-10-19 18:00:00
1760,WH_MAIN,WH_MAIN,2024-10-19 18:00:00,2024-10-20 07:00:00
1760,WH_SUB,K1,2024-10-20 07:00:00,2024-10-23 03:00:00
1761,Receive,N/A,2024-10-26 08:00:00,2024-10-26 14:00:00
1761,WH_MAIN,WH_MAIN,2024-10-26 14:00:00,2024-10-27 08:00:00
1761,WH_SUB,K1,2024-10-27 08:00:00,2024-10-29 09:00:00
1761,Delivery,Customer,2024-10-29 09:00:00,2024-10-31 12:00:00
1762,Receive,N/A,2024-10-28 08:00:00,2024-10-28 16:00:00
1762,WH_MAIN,WH_MAIN,2024-10-28 16:00:00,2024-10-29 10:00:00
1762,WH_SUB,K1,2024-10-29 10:00:00,2024-10-31 17:00:00
1762,Delivery,Customer,2024-10-31 17:00:00,2024-11-04 06:00:00
1763,Receive,N/A,2024-10-05 08:00:00,2024-10-05 17:00:00
1763,WH_MAIN,WH_MAIN,2024-10-05 17:00:00,2024-10-06 01:00:00
1763,WH_SUB,K1,2024-10-06 01:00:00,2024-10-08 04:00:00
1763,Delivery,Customer,2024-10-08 04:00:00,2024-10-11 13:00:00
1764,Receive,N/A,2024-10-18 08:00:00,2024-10-18 15:00:00
1764,WH_MAIN,WH_MAIN,2024-10-18 15:00:00,2024-10-19 02:00:00
1764,WH_SUB,K2,2024-10-19 02:00:00,2024-10-20 09:00:00
1764,Delivery,Customer,2024-10-20 09:00:00,2024-10-22 14:00:00
1765,Receive,N/A,2024-10-18 08:00:00,2024-10-18 12:00:00
1765,WH_MAIN,WH_MAIN,2024-10-18 12:00:00,2024-10-19 04:00:00
1765,WH_SUB,K3,2024-10-19 04:00:00,2024-10-20 15:00:00
1765,Delivery,Customer,2024-10-20 15:00:00,2024-10-23 21:00:00
1766,Receive,N/A,2024-10-31 08:00:00,2024-10-31 14:00:00
1766,WH_MAIN,WH_MAIN,2024-10-31 14:00:00,2024-11-01 04:00:00
1766,WH_SUB,K3,2024-11-01 04:00:00,2024-11-03 20:00:00
1766,Delivery,Customer,2024-11-03 20:00:00,2024-11-06 16:00:00
1767,Receive,N/A,2024-10-16 08:00:00,2024-10-16 13:00:00
1767,WH_MAIN,WH_MAIN,2024-10-16 13:00:00,2024-10-17 00:00:00
1767,WH_SUB,K1,2024-10-17 00:00:00,2024-10-18 03:00:00
1767,Delivery,Customer,2024-10-18 03:00:00,2024-10-21 20:00:00
1768,Receive,N/A,2024-10-17 08:00:00,2024-10-17 11:00:00
1768,WH_MAIN,WH_MAIN,2024-10-17 11:00:00,2024-10-17 20:00:00
1768,WH_SUB,K4,2024-10-17 20:00:00,2024-10-19 08:00:00
1768,Delivery,Customer,2024-10-19 08:00:00,2024-10-22 19:00:00
1769,Receive,N/A,2024-10-31 08:00:00,2024-10-31 10:00:00
1769,WH_MAIN,WH_MAIN,2024-10-31 10:00:00,2024-11-01 04:00:00
1769,WH_SUB,K3,2024-11-01 04:00:00,2024-11-02 20:00:00
1769,Delivery,Customer,2024-11-02 20:00:00,2024-11-05 03:00:00
1770,Receive,N/A,2024-10-08 08:00:00,2024-10-08 11:00:00
1770,WH_MAIN,WH_MAIN,2024-10-08 11:00:00,2024-10-08 23:00:00
1770,WH_SUB,K4,2024-10-08 23:00:00,2024-10-11 20:00:00
1770,Delivery,Customer,2024-10-11 20:00:00,2024-10-14 21:00:00
1771,Receive,N/A,2024-10-14 08:00:00,2024-10-14 16:00:00
1771,WH_MAIN,WH_MAIN,2024-10-14 16:00:00,2024-10-15 09:00:00
1771,WH_SUB,K1,2024-10-15 09:00:00,2024-10-17 00:00:00
1771,Delivery,Customer,2024-10-17 00:00:00,2024-10-19 17:00:00
1772,Receive,N/A,2024-10-12 08:00:00,2024-10-12 10:00:00
1772,WH_MAIN,WH_MAIN,2024-10-12 10:00:00,2024-10-13 04:00:00
1772,WH_SUB,K1,2024-10-13 04:00:00,2024-10-15 11:00:00
1772,Delivery,Customer,2024-10-15 11:00:00,2024-10-19 08:00:00
1773,Receive,N/A,2024-10-24 08:00:00,2024-10-24 11:00:00
1773,WH_MAIN,WH_MAIN,2024-10-24 11:00:00,2024-10-24 21:00:00
1773,WH_SUB,K3,2024-10-24 21:00:00,2024-10-27 02:00:00
1773,Delivery,Customer,2024-10-27 02:00:00,2024-10-29 18:00:00
1774,Receive,N/A,2024-10-24 08:00:00,2024-10-24 17:00:00
1774,WH_MAIN,WH_MAIN,2024-10-24 17:00:00,2024-10-25 07:00:00
1774,WH_SUB,K1,2024-10-25 07:00:00,2024-10-26 16:00:00
1774,Delivery,Customer,2024-10-26 16:00:00,2024-10-29 14:00:00
1775,Receive,N/A,2024-10-13 08:00:00,2024-10-13 13:00:00
1775,WH_MAIN,WH_MAIN,2024-10-13 13:00:00,2024-10-14 03:00:00
1775,WH_SUB,K1,2024-10-14 03:00:00,2024-10-15 11:00:00
1775,Delivery,Customer,2024-10-15 11:00:00,2024-10-17 11:00:00
1776,Receive,N/A,2024-10-18 08:00:00,2024-10-18 12:00:00
1776,WH_MAIN,WH_MAIN,2024-10-18 12:00:00,2024-10-19 02:00:00
1776,WH_SUB,K2,2024-10-19 02:00:00,2024-10-21 09:00:00
1776,Delivery,Customer,2024-10-21 09:00:00,2024-10-24 17:00:00
1777,Receive,N/A,2024-10-22 08:00:00,2024-10-22 18:00:00
1777,WH_MAIN,WH_MAIN,2024-10-22 18:00:00,2024-10-23 07:00:00
1777,WH_SUB,K3,2024-10-23 07:00:00,2024-10-24 18:00:00
1777,Delivery,Customer,2024-10-24 18:00:00,2024-10-28 09:00:00
1778,Receive,N/A,2024-10-24 08:00:00,2024-10-24 12:00:00
1778,WH_MAIN,WH_MAIN,2024-10-24 12:00:00,2024-10-25 04:00:00
1778,WH_SUB,K1,2024-10-25 04:00:00,2024-10-27 10:00:00
1778,Delivery,Customer,2024-10-27 10:00:00,2024-10-30 17:00:00
1779,Receive,N/A,2024-10-25 08:00:00,2024-10-25 14:00:00
1779,WH_MAIN,WH_MAIN,2024-10-25 14:00:00,2024-10-26 02:00:00
1779,WH_SUB,K4,2024-10-26 02:00:00,2024-10-27 07:00:00
1779,Delivery,Customer,2024-10-27 07:00:00,2024-10-30 20:00:00
1780,Receive,N/A,2024-10-09 08:00:00,2024-10-09 14:00:00
1780,WH_MAIN,WH_MAIN,2024-10-09 14:00:00,2024-10-09 22:00:00
1780,WH_SUB,K2,2024-10-09 22:00:00,2024-10-11 05:00:00
1780,Delivery,Customer,2024-10-11 05:00:00,2024-10-14 15:00:00
1781,Receive,N/A,2024-10-21 08:00:00,2024-10-21 12:00:00
1781,WH_MAIN,WH_MAIN,2024-10-21 12:00:00,2024-10-21 18:00:00
1781,WH_SUB,K1,2024-10-21 18:00:00,2024-10-22 19:00:00
1781,Delivery,Customer,2024-10-22 19:00:00,2024-10-25 13:00:00
1782,Receive,N/A,2024-10-23 08:00:00,2024-10-23 16:00:00
1782,WH_MAIN,WH_MAIN,2024-10-23 16:00:00,2024-10-23 22:00:00
1782,WH_SUB,K1,2024-10-23 22:00:00,2024-10-25 03:00:00
1782,Delivery,Customer,2024-10-25 03:00:00,2024-10-28 16:00:00
1783,Receive,N/A,2024-10-01 08:00:00,2024-10-01 11:00:00
1783,WH_MAIN,WH_MAIN,2024-10-01 11:00:00,2024-10-01 21:00:00
1783,WH_SUB,K2,2024-10-01 21:00:00,2024-10-03 00:00:00
1783,Delivery,Customer,2024-10-03 00:00:00,2024-10-07 00:00:00
1784,Receive,N/A,2024-10-12 08:00:00,2024-10-12 13:00:00
1785,Receive,N/A,2024-10-15 08:00:00,2024-10-15 13:00:00
1785,WH_MAIN,WH_MAIN,2024-10-15 13:00:00,2024-10-15 19:00:00
1785,WH_SUB,K1,2024-10-15 19:00:00,2024-10-18 06:00:00
1785,Delivery,Customer,2024-10-18 06:00:00,2024-10-22 03:00:00
1786,Receive,N/A,2024-10-08 08:00:00,2024-10-08 12:00:00
1786,WH_MAIN,WH_MAIN,2024-10-08 12:00:00,2024-10-08 20:00:00
1786,WH_SUB,K3,2024-10-08 20:00:00,2024-10-11 17:00:00
1786,Delivery,Customer,2024-10-11 17:00:00,2024-10-14 20:00:00
1787,Receive,N/A,2024-10-01 08:00:00,2024-10-01 10:00:00
1787,WH_MAIN,WH_MAIN,2024-10-01 10:00:00,2024-10-01 23:00:00
1787,WH_SUB,K1,2024-10-01 23:00:00,2024-10-03 10:00:00
1787,Delivery,Customer,2024-10-03 10:00:00,2024-10-06 01:00:00
1788,Receive,N/A,2024-10-17 08:00:00,2024-10-17 11:00:00
1788,WH_MAIN,WH_MAIN,2024-10-17 11:00:00,2024-10-18 04:00:00
1788,WH_SUB,K3,2024-10-18 04:00:00,2024-10-20 06:00:00
1788,Delivery,Customer,2024-10-20 06:00:00,2024-10-22 21:00:00
1789,Receive,N/A,2024-10-08 08:00:00,2024-10-08 17:00:00
1789,WH_MAIN,WH_MAIN,2024-10-08 17:00:00,2024-10-09 06:00:00
1789,WH_SUB,K1,2024-10-09 06:00:00,2024-10-10 19:00:00
1789,Delivery,Customer,2024-10-10 19:00:00,2024-10-14 04:00:00
1790,Receive,N/A,2024-10-23 08:00:00,2024-10-23 12:00:00
1790,WH_MAIN,WH_MAIN,2024-10-23 12:00:00,2024-10-23 23:00:00
1790,WH_SUB,K3,2024-10-23 23:00:00,2024-10-26 16:00:00
1790,Delivery,Customer,2024-10-26 16:00:00,2024-10-29 11:00:00
1791,Receive,N/A,2024-10-31 08:00:00,2024-10-31 17:00:00
1791,WH_MAIN,WH_MAIN,2024-10-31 17:00:00,2024-11-01 01:00:00
1791,WH_SUB,K1,2024-11-01 01:00:00,2024-11-03 00:00:00
1791,Delivery,Customer,2024-11-03 00:00:00,2024-11-06 02:00:00
1792,Receive,N/A,2024-10-30 08:00:00,2024-10-30 10:00:00
1792,WH_MAIN,WH_MAIN,2024-10-30 10:00:00,2024-10-31 03:00:00
1792,WH_SUB,K3,2024-10-31 03:00:00,2024-11-02 19:00:00
1792,Delivery,Customer,2024-11-02 19:00:00,2024-11-05 20:00:00
1793,Receive,N/A,2024-10-07 08:00:00,2024-10-07 11:00:00
1793,WH_MAIN,WH_MAIN,2024-10-07 11:00:00,2024-10-07 18:00:00
1793,WH_SUB,K1,2024-10-07 18:00:00,2024-10-09 13:00:00
1793,Delivery,Customer,2024-10-09 13:00:00,2024-10-11 16:00:00
1794,Receive,N/A,2024-10-25 08:00:00,2024-10-25 16:00:00
1794,WH_MAIN,WH_MAIN,2024-10-25 16:00:00,2024-10-25 22:00:00
1794,WH_SUB,K2,2024-10-25 22:00:00,2024-10-27 22:00:00
1794,Delivery,Customer,2024-10-27 22:00:00,2024-10-30 00:00:00
1795,Receive,N/A,2024-10-04 08:00:00,2024-10-04 14:00:00
1795,WH_MAIN,WH_MAIN,2024-10-04 14:00:00,2024-10-04 20:00:00
1795,WH_SUB,K1,2024-10-04 20:00:00,2024-10-06 17:00:00
1795,Delivery,Customer,2024-10-06 17:00:00,2024-10-10 01:00:00
1796,Receive,N/A,2024-10-25 08:00:00,2024-10-25 13:00:00
1796,WH_MAIN,WH_MAIN,2024-10-25 13:00:00,2024-10-26 04:00:00
1796,WH_SUB,K1,2024-10-26 04:00:00,2024-10-29 01:00:00
1796,Delivery,Customer,2024-10-29 01:00:00,2024-11-01 22:00:00
1797,Receive,N/A,2024-10-11 08:00:00,2024-10-11 18:00:00
1797,WH_MAIN,WH_MAIN,2024-10-11 18:00:00,2024-10-12 08:00:00
1797,WH_SUB,K1,2024-10-12 08:00:00,2024-10-13 12:00:00
1797,Delivery,Customer,2024-10-13 12:00:00,2024-10-17 06:00:00
1798,Receive,N/A,2024-10-30 08:00:00,2024-10-30 16:00:00
1798,WH_MAIN,WH_MAIN,2024-10-30 16:00:00,2024-10-30 23:00:00
1798,WH_SUB,K3,2024-10-30 23:00:00,2024-11-01 19:00:00
1798,Delivery,Customer,2024-11-01 19:00:00,2024-11-04 16:00:00
1799,Receive,N/A,2024-10-24 08:00:00,2024-10-24 17:00:00
1799,WH_MAIN,WH_MAIN,2024-10-24 17:00:00,2024-10-25 01:00:00
1799,WH_SUB,K2,2024-10-25 01:00:00,2024-10-27 16:00:00
1799,Delivery,Customer,2024-10-27 16:00:00,2024-10-30 16:00:00
1800,Receive,N/A,2024-10-27 08:00:00,2024-10-27 13:00:00
1800,WH_MAIN,WH_MAIN,2024-10-27 13:00:00,2024-10-28 01:00:00
1800,WH_SUB,K2,2024-10-28 01:00:00,2024-10-29 11:00:00
1800,Delivery,Customer,2024-10-29 11:00:00,2024-10-31 15:00:00
1801,Receive,N/A,2024-10-15 08:00:00,2024-10-15 14:00:00
1801,WH_MAIN,WH_MAIN,2024-10-15 14:00:00,2024-10-16 03:00:00
1801,WH_SUB,K3,2024-10-16 03:00:00,2024-10-18 23:00:00
1801,Delivery,Customer,2024-10-18 23:00:00,2024-10-21 03:00:00
1802,Receive,N/A,2024-10-15 08:00:00,2024-10-15 18:00:00
1802,WH_MAIN,WH_MAIN,2024-10-15 18:00:00,2024-10-16 01:00:00
1802,WH_SUB,K1,2024-10-16 01:00:00,2024-10-17 01:00:00
1802,Delivery,Customer,2024-10-17 01:00:00,2024-10-20 06:00:00
1803,Receive,N/A,2024-10-04 08:00:00,2024-10-04 16:00:00
1803,WH_MAIN,WH_MAIN,2024-10-04 16:00:00,2024-10-05 08:00:00
1803,WH_SUB,K1,2024-10-05 08:00:00,2024-10-06 15:00:00
1803,Delivery,Customer,2024-10-06 15:00:00,2024-10-09 18:00:00
1804,Receive,N/A,2024-10-06 08:00:00,2024-10-06 18:00:00
1804,WH_MAIN,WH_MAIN,2024-10-06 18:00:00,2024-10-07 09:00:00
1804,WH_SUB,K1,2024-10-07 09:00:00,2024-10-09 05:00:00
1804,Delivery,Customer,2024-10-09 05:00:00,2024-10-12 14:00:00
1805,Receive,N/A,2024-10-15 08:00:00,2024-10-15 16:00:00
1805,WH_MAIN,WH_MAIN,2024-10-15 16:00:00,2024-10-16 06:00:00
1805,WH_SUB,K3,2024-10-16 06:00:00,2024-10-17 17:00:00
1805,Delivery,Customer,2024-10-17 17:00:00,2024-10-20 14:00:00
1806,Receive,N/A,2024-10-26 08:00:00,2024-10-26 17:00:00
1807,Receive,N/A,2024-10-14 08:00:00,2024-10-14 10:00:00
1807,WH_MAIN,WH_MAIN,2024-10-14 10:00:00,2024-10-15 01:00:00
1807,WH_SUB,K3,2024-10-15 01:00:00,2024-10-17 18:00:00
1807,Delivery,Customer,2024-10-17 18:00:00,2024-10-20 10:00:00
1808,Receive,N/A,2024-10-18 08:00:00,2024-10-18 15:00:00
1808,WH_MAIN,WH_MAIN,2024-10-18 15:00:00,2024-10-19 09:00:00
1808,WH_SUB,K4,2024-10-19 09:00:00,2024-10-21 00:00:00
1808,Delivery,Customer,2024-10-21 00:00:00,2024-10-24 22:00:00
1809,Receive,N/A,2024-10-02 08:00:00,2024-10-02 10:00:00
1809,WH_MAIN,WH_MAIN,2024-10-02 10:00:00,2024-10-03 01:00:00
1809,WH_SUB,K4,2024-10-03 01:00:00,2024-10-04 13:00:00
1809,Delivery,Customer,2024-10-04 13:00:00,2024-10-07 05:00:00
1810,Receive,N/A,2024-10-25 08:00:00,2024-10-25 15:00:00
1810,WH_MAIN,WH_MAIN,2024-10-25 15:00:00,2024-10-26 04:00:00
1810,WH_SUB,K3,2024-10-26 04:00:00,2024-10-27 18:00:00
1810,Delivery,Customer,2024-10-27 18:00:00,2024-10-30 20:00:00
1811,Receive,N/A,2024-10-06 08:00:00,2024-10-06 10:00:00
1811,WH_MAIN,WH_MAIN,2024-10-06 10:00:00,2024-10-06 23:00:00
1811,WH_SUB,K4,2024-10-06 23:00:00,2024-10-09 09:00:00
1811,Delivery,Customer,2024-10-09 09:00:00,2024-10-11 13:00:00
1812,Receive,N/A,2024-10-24 08:00:00,2024-10-24 15:00:00
1812,WH_MAIN,WH_MAIN,2024-10-24 15:00:00,2024-10-25 03:00:00
1812,WH_SUB,K1,2024-10-25 03:00:00,2024-10-27 12:00:00
1812,Delivery,Customer,2024-10-27 12:00:00,2024-10-29 16:00:00
1813,Receive,N/A,2024-10-14 08:00:00,2024-10-14 13:00:00
1813,WH_MAIN,WH_MAIN,2024-10-14 13:00:00,2024-10-15 05:00:00
1813,WH_SUB,K4,2024-10-15 05:00:00,2024-10-16 22:00:00
1813,Delivery,Customer,2024-10-16 22:00:00,2024-10-19 11:00:00
1814,Receive,N/A,2024-10-17 08:00:00,2024-10-17 16:00:00
1814,WH_MAIN,WH_MAIN,2024-10-17 16:00:00,2024-10-18 04:00:00
1814,WH_SUB,K4,2024-10-18 04:00:00,2024-10-19 18:00:00
1814,Delivery,Customer,2024-10-19 18:00:00,2024-10-23 12:00:00
1815,Receive,N/A,2024-10-31 08:00:00,2024-10-31 12:00:00
1815,WH_MAIN,WH_MAIN,2024-10-31 12:00:00,2024-10-31 20:00:00
1815,WH_SUB,K1,2024-10-31 20:00:00,2024-11-02 15:00:00
1815,Delivery,Customer,2024-11-02 15:00:00,2024-11-05 22:00:00
1816,Receive,N/A,2024-10-23 08:00:00,2024-10-23 17:00:00
1816,WH_MAIN,WH_MAIN,2024-10-23 17:00:00,2024-10-24 11:00:00
1816,WH_SUB,K1,2024-10-24 11:00:00,2024-10-26 03:00:00
1816,Delivery,Customer,2024-10-26 03:00:00,2024-10-28 03:00:00
1817,Receive,N/A,2024-10-08 08:00:00,2024-10-08 12:00:00
1817,WH_MAIN,WH_MAIN,2024-10-08 12:00:00,2024-10-09 06:00:00
1817,WH_SUB,K4,2024-10-09 06:00:00,2024-10-10 11:00:00
1817,Delivery,Customer,2024-10-10 11:00:00,2024-10-13 00:00:00
1818,Receive,N/A,2024-10-07 08:00:00,2024-10-07 14:00:00
1818,WH_MAIN,WH_MAIN,2024-10-07 14:00:00,2024-10-07 23:00:00
1818,WH_SUB,K1,2024-10-07 23:00:00,2024-10-10 14:00:00
1818,Delivery,Customer,2024-10-10 14:00:00,2024-10-13 17:00:00
1819,Receive,N/A,2024-10-15 08:00:00,2024-10-15 13:00:00
1819,WH_MAIN,WH_MAIN,2024-10-15 13:00:00,2024-10-16 06:00:00
1819,WH_SUB,K4,2024-10-16 06:00:00,2024-10-19 02:00:00
1819,Delivery,Customer,2024-10-19 02:00:00,2024-10-21 04:00:00
1820,Receive,N/A,2024-10-27 08:00:00,2024-10-27 15:00:00
1820,WH_MAIN,WH_MAIN,2024-10-27 15:00:00,2024-10-28 07:00:00
1820,WH_SUB,K3,2024-10-28 07:00:00,2024-10-29 15:00:00
1820,Delivery,Customer,2024-10-29 15:00:00,2024-10-31 16:00:00
1821,Receive,N/A,2024-10-29 08:00:00,2024-10-29 17:00:00
1821,WH_MAIN,WH_MAIN,2024-10-29 17:00:00,2024-10-30 10:00:00
1821,WH_SUB,K3,2024-10-30 10:00:00,2024-11-02 00:00:00
1821,Delivery,Customer,2024-11-02 00:00:00,2024-11-04 15:00:00
1822,Receive,N/A,2024-10-16 08:00:00,2024-10-16 12:00:00
1822,WH_MAIN,WH_MAIN,2024-10-16 12:00:00,2024-10-16 23:00:00
1822,WH_SUB,K3,2024-10-16 23:00:00,2024-10-18 16:00:00
1822,Delivery,Customer,2024-10-18 16:00:00,2024-10-21 20:00:00
1823,Receive,N/A,2024-10-02 08:00:00,2024-10-02 16:00:00
1823,WH_MAIN,WH_MAIN,2024-10-02 16:00:00,2024-10-03 08:00:00
1823,WH_SUB,K1,2024-10-03 08:00:00,2024-10-06 04:00:00
1823,Delivery,Customer,2024-10-06 04:00:00,2024-10-09 09:00:00
1824,Receive,N/A,2024-10-18 08:00:00,2024-10-18 15:00:00
1824,WH_MAIN,WH_MAIN,2024-10-18 15:00:00,2024-10-19 09:00:00
1824,WH_SUB,K1,2024-10-19 09:00:00,2024-10-22 06:00:00
1824,Delivery,Customer,2024-10-22 06:00:00,2024-10-25 10:00:00
1825,Receive,N/A,2024-10-06 08:00:00,2024-10-06 16:00:00
1825,WH_MAIN,WH_MAIN,2024-10-06 16:00:00,2024-10-07 07:00:00
1825,WH_SUB,K4,2024-10-07 07:00:00,2024-10-09 00:00:00
1825,Delivery,Customer,2024-10-09 00:00:00,2024-10-12 07:00:00
1826,Receive,N/A,2024-10-01 08:00:00,2024-10-01 18:00:00
1826,WH_MAIN,WH_MAIN,2024-10-01 18:00:00,2024-10-02 03:00:00
1826,WH_SUB,K4,2024-10-02 03:00:00,2024-10-03 08:00:00
1826,Delivery,Customer,2024-10-03 08:00:00,2024-10-05 10:00:00
1827,Receive,N/A,2024-10-05 08:00:00,2024-10-05 10:00:00
1827,WH_MAIN,WH_MAIN,2024-10-05 10:00:00,2024-10-05 19:00:00
1827,WH_SUB,K3,2024-10-05 19:00:00,2024-10-07 11:00:00
1827,Delivery,Customer,2024-10-07 11:00:00,2024-10-09 15:00:00
1828,Receive,N/A,2024-10-18 08:00:00,2024-10-18 15:00:00
1828,WH_MAIN,WH_MAIN,2024-10-18 15:00:00,2024-10-18 23:00:00
1828,WH_SUB,K2,2024-10-18 23:00:00,2024-10-20 20:00:00
1828,Delivery,Customer,2024-10-20 20:00:00,2024-10-23 17:00:00
1829,Receive,N/A,2024-10-16 08:00:00,2024-10-16 16:00:00
1829,WH_MAIN,WH_MAIN,2024-10-16 16:00:00,2024-10-17 08:00:00
1829,WH_SUB,K4,2024-10-17 08:00:00,2024-10-20 01:00:00
1829,Delivery,Customer,2024-10-20 01:00:00,2024-10-22 12:00:00
1830,Receive,N/A,2024-10-13 08:00:00,2024-10-13 16:00:00
1830,WH_MAIN,WH_MAIN,2024-10-13 16:00:00,2024-10-13 23:00:00
1830,WH_SUB,K1,2024-10-13 23:00:00,2024-10-16 23:00:00
1830,Delivery,Customer,2024-10-16 23:00:00,2024-10-19 07:00:00
1831,Receive,N/A,2024-10-23 08:00:00,2024-10-23 16:00:00
1831,WH_MAIN,WH_MAIN,2024-10-23 16:00:00,2024-10-24 10:00:00
1831,WH_SUB,K4,2024-10-24 10:00:00,2024-10-27 08:00:00
1831,Delivery,Customer,2024-10-27 08:00:00,2024-10-30 06:00:00
1832,Receive,N/A,2024-10-05 08:00:00,2024-10-05 18:00:00
1832,WH_MAIN,WH_MAIN,2024-10-05 18:00:00,2024-10-06 12:00:00
1832,WH_SUB,K4,2024-10-06 12:00:00,2024-10-09 11:00:00
1832,Delivery,Customer,2024-10-09 11:00:00,2024-10-11 20:00:00
1833,Receive,N/A,2024-10-08 08:00:00,2024-10-08 18:00:00
1833,WH_MAIN,WH_MAIN,2024-10-08 18:00:00,2024-10-09 06:00:00
1833,WH_SUB,K2,2024-10-09 06:00:00,2024-10-11 22:00:00
1833,Delivery,Customer,2024-10-11 22:00:00,2024-10-15 08:00:00
1834,Receive,N/A,2024-10-31 08:00:00,2024-10-31 13:00:00
1834,WH_MAIN,WH_MAIN,2024-10-31 13:00:00,2024-11-01 04:00:00
1834,WH_SUB,K3,2024-11-01 04:00:00,2024-11-02 14:00:00
1834,Delivery,Customer,2024-11-02 14:00:00,2024-11-05 10:00:00
1835,Receive,N/A,2024-11-21 08:00:00,2024-11-21 15:00:00
1836,Receive,N/A,2024-11-17 08:00:00,2024-11-17 16:00:00
1836,WH_MAIN,WH_MAIN,2024-11-17 16:00:00,2024-11-17 23:00:00
1836,WH_SUB,K2,2024-11-17 23:00:00,2024-11-19 10:00:00
1836,Delivery,Customer,2024-11-19 10:00:00,2024-11-22 03:00:00
1837,Receive,N/A,2024-11-12 08:00:00,2024-11-12 15:00:00
1837,WH_MAIN,WH_MAIN,2024-11-12 15:00:00,2024-11-12 21:00:00
1837,WH_SUB,K3,2024-11-12 21:00:00,2024-11-14 14:00:00
1837,Delivery,Customer,2024-11-14 14:00:00,2024-11-17 15:00:00
1838,Receive,N/A,2024-11-10 08:00:00,2024-11-10 15:00:00
1838,WH_MAIN,WH_MAIN,2024-11-10 15:00:00,2024-11-11 07:00:00
1838,WH_SUB,K3,2024-11-11 07:00:00,2024-11-14 05:00:00
1838,Delivery,Customer,2024-11-14 05:00:00,2024-11-17 22:00:00
1839,Receive,N/A,2024-11-23 08:00:00,2024-11-23 13:00:00
1840,Receive,N/A,2024-11-18 08:00:00,2024-11-18 11:00:00
1840,WH_MAIN,WH_MAIN,2024-11-18 11:00:00,2024-11-19 03:00:00
1840,WH_SUB,K3,2024-11-19 03:00:00,2024-11-21 05:00:00
1840,Delivery,Customer,2024-11-21 05:00:00,2024-11-23 12:00:00
1841,Receive,N/A,2024-11-05 08:00:00,2024-11-05 16:00:00
1841,WH_MAIN,WH_MAIN,2024-11-05 16:00:00,2024-11-06 04:00:00
1841,WH_SUB,K4,2024-11-06 04:00:00,2024-11-09 01:00:00
1841,Delivery,Customer,2024-11-09 01:00:00,2024-11-11 12:00:00
1842,Receive,N/A,2024-11-27 08:00:00,2024-11-27 10:00:00
1842,WH_MAIN,WH_MAIN,2024-11-27 10:00:00,2024-11-27 16:00:00
1842,WH_SUB,K3,2024-11-27 16:00:00,2024-11-30 03:00:00
1842,Delivery,Customer,2024-11-30 03:00:00,2024-12-02 07:00:00
1843,Receive,N/A,2024-11-19 08:00:00,2024-11-19 13:00:00
1843,WH_MAIN,WH_MAIN,2024-11-19 13:00:00,2024-11-20 07:00:00
1843,WH_SUB,K3,2024-11-20 07:00:00,2024-11-23 05:00:00
1843,Delivery,Customer,2024-11-23 05:00:00,2024-11-26 10:00:00
1844,Receive,N/A,2024-11-10 08:00:00,2024-11-10 16:00:00
1844,WH_MAIN,WH_MAIN,2024-11-10 16:00:00,2024-11-11 07:00:00
1844,WH_SUB,K1,2024-11-11 07:00:00,2024-11-12 13:00:00
1844,Delivery,Customer,2024-11-12 13:00:00,2024-11-16 01:00:00
1845,Receive,N/A,2024-11-10 08:00:00,2024-11-10 12:00:00
1845,WH_MAIN,WH_MAIN,2024-11-10 12:00:00,2024-11-10 21:00:00
1845,WH_SUB,K1,2024-11-10 21:00:00,2024-11-12 15:00:00
1845,Delivery,Customer,2024-11-12 15:00:00,2024-11-15 11:00:00
1846,Receive,N/A,2024-11-09 08:00:00,2024-11-09 14:00:00
1846,WH_MAIN,WH_MAIN,2024-11-09 14:00:00,2024-11-09 23:00:00
1846,WH_SUB,K2,2024-11-09 23:00:00,2024-11-12 03:00:00
1846,Delivery,Customer,2024-11-12 03:00:00,2024-11-14 08:00:00
1847,Receive,N/A,2024-11-11 08:00:00,2024-11-11 13:00:00
1847,WH_MAIN,WH_MAIN,2024-11-11 13:00:00,2024-11-11 20:00:00
1847,WH_SUB,K1,2024-11-11 20:00:00,2024-11-13 00:00:00
1847,Delivery,Customer,2024-11-13 00:00:00,2024-11-16 05:00:00
1848,Receive,N/A,2024-11-21 08:00:00,2024-11-21 12:00:00
1848,WH_MAIN,WH_MAIN,2024-11-21 12:00:00,2024-11-22 06:00:00
1848,WH_SUB,K3,2024-11-22 06:00:00,2024-11-24 10:00:00
1848,Delivery,Customer,2024-11-24 10:00:00,2024-11-28 08:00:00
1849,Receive,N/A,2024-11-25 08:00:00,2024-11-25 13:00:00
1849,WH_MAIN,WH_MAIN,2024-11-25 13:00:00,2024-11-25 21:00:00
1849,WH_SUB,K1,2024-11-25 21:00:00,2024-11-27 15:00:00
1849,Delivery,Customer,2024-11-27 15:00:00,2024-12-01 13:00:00
1850,Receive,N/A,2024-11-20 08:00:00,2024-11-20 18:00:00
1850,WH_MAIN,WH_MAIN,2024-11-20 18:00:00,2024-11-21 03:00:00
1850,WH_SUB,K2,2024-11-21 03:00:00,2024-11-22 20:00:00
1850,Delivery,Customer,2024-11-22 20:00:00,2024-11-25 18:00:00
1851,Receive,N/A,2024-11-10 08:00:00,2024-11-10 14:00:00
1851,WH_MAIN,WH_MAIN,2024-11-10 14:00:00,2024-11-10 23:00:00
1851,WH_SUB,K4,2024-11-10 23:00:00,2024-11-13 03:00:00
1852,Receive,N/A,2024-11-29 08:00:00,2024-11-29 18:00:00
1852,WH_MAIN,WH_MAIN,2024-11-29 18:00:00,2024-11-30 06:00:00
1852,WH_SUB,K2,2024-11-30 06:00:00,2024-12-01 09:00:00
1853,Receive,N/A,2024-11-08 08:00:00,2024-11-08 12:00:00
1853,WH_MAIN,WH_MAIN,2024-11-08 12:00:00,2024-11-09 06:00:00
1853,WH_SUB,K2,2024-11-09 06:00:00,2024-11-11 12:00:00
1853,Delivery,Customer,2024-11-11 12:00:00,2024-11-14 19:00:00
1854,Receive,N/A,2024-11-07 08:00:00,2024-11-07 11:00:00
1854,WH_MAIN,WH_MAIN,2024-11-07 11:00:00,2024-11-08 02:00:00
1854,WH_SUB,K2,2024-11-08 02:00:00,2024-11-09 03:00:00
1854,Delivery,Customer,2024-11-09 03:00:00,2024-11-11 19:00:00
1855,Receive,N/A,2024-11-09 08:00:00,2024-11-09 16:00:00
1855,WH_MAIN,WH_MAIN,2024-11-09 16:00:00,2024-11-10 08:00:00
1855,WH_SUB,K1,2024-11-10 08:00:00,2024-11-12 07:00:00
1855,Delivery,Customer,2024-11-12 07:00:00,2024-11-15 03:00:00
1856,Receive,N/A,2024-11-23 08:00:00,2024-11-23 13:00:00
1856,WH_MAIN,WH_MAIN,2024-11-23 13:00:00,2024-11-23 20:00:00
1856,WH_SUB,K3,2024-11-23 20:00:00,2024-11-25 07:00:00
1856,Delivery,Customer,2024-11-25 07:00:00,2024-11-28 15:00:00
1857,Receive,N/A,2024-11-25 08:00:00,2024-11-25 10:00:00
1857,WH_MAIN,WH_MAIN,2024-11-25 10:00:00,2024-11-25 20:00:00
1857,WH_SUB,K1,2024-11-25 20:00:00,2024-11-28 13:00:00
1857,Delivery,Customer,2024-11-28 13:00:00,2024-12-02 06:00:00
1858,Receive,N/A,2024-11-15 08:00:00,2024-11-15 17:00:00
1858,WH_MAIN,WH_MAIN,2024-11-15 17:00:00,2024-11-16 01:00:00
1858,WH_SUB,K1,2024-11-16 01:00:00,2024-11-18 02:00:00
1858,Delivery,Customer,2024-11-18 02:00:00,2024-11-21 20:00:00
1859,Receive,N/A,2024-11-28 08:00:00,2024-11-28 12:00:00
1859,WH_MAIN,WH_MAIN,2024-11-28 12:00:00,2024-11-29 03:00:00
1859,WH_SUB,K1,2024-11-29 03:00:00,2024-12-01 05:00:00
1859,Delivery,Customer,2024-12-01 05:00:00,2024-12-03 06:00:00
1860,Receive,N/A,2024-11-28 08:00:00,2024-11-28 10:00:00
1860,WH_MAIN,WH_MAIN,2024-11-28 10:00:00,2024-11-29 03:00:00
1860,WH_SUB,K2,2024-11-29 03:00:00,2024-12-01 08:00:00
1860,Delivery,Customer,2024-12-01 08:00:00,2024-12-04 11:00:00
1861,Receive,N/A,2024-11-02 08:00:00,2024-11-02 18:00:00
1861,WH_MAIN,WH_MAIN,2024-11-02 18:00:00,2024-11-03 09:00:00
1861,WH_SUB,K4,2024-11-03 09:00:00,2024-11-06 02:00:00
1861,Delivery,Customer,2024-11-06 02:00:00,2024-11-08 14:00:00
1862,Receive,N/A,2024-11-27 08:00:00,2024-11-27 17:00:00
1862,WH_MAIN,WH_MAIN,2024-11-27 17:00:00,2024-11-28 08:00:00
1862,WH_SUB,K4,2024-11-28 08:00:00,2024-12-01 06:00:00
1862,Delivery,Customer,2024-12-01 06:00:00,2024-12-03 21:00:00
1863,Receive,N/A,2024-11-16 08:00:00,2024-11-16 15:00:00
1863,WH_MAIN,WH_MAIN,2024-11-16 15:00:00,2024-11-16 22:00:00
1863,WH_SUB,K2,2024-11-16 22:00:00,2024-11-19 16:00:00
1863,Delivery,Customer,2024-11-19 16:00:00,2024-11-22 07:00:00
1864,Receive,N/A,2024-11-17 08:00:00,2024-11-17 11:00:00
1864,WH_MAIN,WH_MAIN,2024-11-17 11:00:00,2024-11-18 01:00:00
1864,WH_SUB,K1,2024-11-18 01:00:00,2024-11-19 02:00:00
1864,Delivery,Customer,2024-11-19 02:00:00,2024-11-21 10:00:00
1865,Receive,N/A,2024-11-19 08:00:00,2024-11-19 18:00:00
1865,WH_MAIN,WH_MAIN,2024-11-19 18:00:00,2024-11-20 08:00:00
1865,WH_SUB,K2,2024-11-20 08:00:00,2024-11-23 07:00:00
1865,Delivery,Customer,2024-11-23 07:00:00,2024-11-25 08:00:00
1866,Receive,N/A,2024-11-20 08:00:00,2024-11-20 10:00:00
1866,WH_MAIN,WH_MAIN,2024-11-20 10:00:00,2024-11-20 19:00:00
1866,WH_SUB,K4,2024-11-20 19:00:00,2024-11-22 21:00:00
1866,Delivery,Customer,2024-11-22 21:00:00,2024-11-25 10:00:00
1867,Receive,N/A,2024-11-20 08:00:00,2024-11-20 11:00:00
1867,WH_MAIN,WH_MAIN,2024-11-20 11:00:00,2024-11-21 04:00:00
1867,WH_SUB,K1,2024-11-21 04:00:00,2024-11-23 16:00:00
1867,Delivery,Customer,2024-11-23 16:00:00,2024-11-27 06:00:00
1868,Receive,N/A,2024-11-13 08:00:00,2024-11-13 17:00:00
1868,WH_MAIN,WH_MAIN,2024-11-13 17:00:00,2024-11-14 03:00:00
1868,WH_SUB,K1,2024-11-14 03:00:00,2024-11-15 20:00:00
1868,Delivery,Customer,2024-11-15 20:00:00,2024-11-19 05:00:00
1869,Receive,N/A,2024-11-18 08:00:00,2024-11-18 15:00:00
1869,WH_MAIN,WH_MAIN,2024-11-18 15:00:00,2024-11-19 00:00:00
1869,WH_SUB,K2,2024-11-19 00:00:00,2024-11-21 20:00:00
1869,Delivery,Customer,2024-11-21 20:00:00,2024-11-24 09:00:00
1870,Receive,N/A,2024-11-21 08:00:00,2024-11-21 13:00:00
1870,WH_MAIN,WH_MAIN,2024-11-21 13:00:00,2024-11-21 19:00:00
1870,WH_SUB,K3,2024-11-21 19:00:00,2024-11-24 15:00:00
1870,Delivery,Customer,2024-11-24 15:00:00,2024-11-27 08:00:00
1871,Receive,N/A,2024-11-06 08:00:00,2024-11-06 15:00:00
1871,WH_MAIN,WH_MAIN,2024-11-06 15:00:00,2024-11-07 09:00:00
1871,WH_SUB,K1,2024-11-07 09:00:00,2024-11-09 00:00:00
1871,Delivery,Customer,2024-11-09 00:00:00,2024-11-11 03:00:00
1872,Receive,N/A,2024-11-05 08:00:00,2024-11-05 14:00:00
1872,WH_MAIN,WH_MAIN,2024-11-05 14:00:00,2024-11-06 02:00:00
1872,WH_SUB,K1,2024-11-06 02:00:00,2024-11-08 08:00:00
1872,Delivery,Customer,2024-11-08 08:00:00,2024-11-10 19:00:00
1873,Receive,N/A,2024-11-21 08:00:00,2024-11-21 10:00:00
1873,WH_MAIN,WH_MAIN,2024-11-21 10:00:00,2024-11-22 04:00:00
1873,WH_SUB,K2,2024-11-22 04:00:00,2024-11-23 10:00:00
1873,Delivery,Customer,2024-11-23 10:00:00,2024-11-26 00:00:00
1874,Receive,N/A,2024-11-06 08:00:00,2024-11-06 10:00:00
1874,WH_MAIN,WH_MAIN,2024-11-06 10:00:00,2024-11-07 03:00:00
1874,WH_SUB,K2,2024-11-07 03:00:00,2024-11-09 12:00:00
1874,Delivery,Customer,2024-11-09 12:00:00,2024-11-12 14:00:00
1875,Receive,N/A,2024-11-15 08:00:00,2024-11-15 13:00:00
1875,WH_MAIN,WH_MAIN,2024-11-15 13:00:00,2024-11-16 05:00:00
1875,WH_SUB,K2,2024-11-16 05:00:00,2024-11-17 18:00:00
1875,Delivery,Customer,2024-11-17 18:00:00,2024-11-21 02:00:00
1876,Receive,N/A,2024-11-08 08:00:00,2024-11-08 14:00:00
1876,WH_MAIN,WH_MAIN,2024-11-08 14:00:00,2024-11-08 20:00:00
1876,WH_SUB,K4,2024-11-08 20:00:00,2024-11-10 23:00:00
1876,Delivery,Customer,2024-11-10 23:00:00,2024-11-13 21:00:00
1877,Receive,N/A,2024-11-24 08:00:00,2024-11-24 17:00:00
1877,WH_MAIN,WH_MAIN,2024-11-24 17:00:00,2024-11-25 02:00:00
1877,WH_SUB,K2,2024-11-25 02:00:00,2024-11-27 12:00:00
1877,Delivery,Customer,2024-11-27 12:00:00,2024-11-30 16:00:00
1878,Receive,N/A,2024-11-12 08:00:00,2024-11-12 15:00:00
1878,WH_MAIN,WH_MAIN,2024-11-12 15:00:00,2024-11-13 02:00:00
1878,WH_SUB,K4,2024-11-13 02:00:00,2024-11-14 03:00:00
1878,Delivery,Customer,2024-11-14 03:00:00,2024-11-17 05:00:00
1879,Receive,N/A,2024-11-30 08:00:00,2024-11-30 18:00:00
1879,WH_MAIN,WH_MAIN,2024-11-30 18:00:00,2024-12-01 00:00:00
1879,WH_SUB,K3,2024-12-01 00:00:00,2024-12-02 19:00:00
1879,Delivery,Customer,2024-12-02 19:00:00,2024-12-06 02:00:00
1880,Receive,N/A,2024-11-12 08:00:00,2024-11-12 16:00:00
1881,Receive,N/A,2024-11-16 08:00:00,2024-11-16 17:00:00
1881,WH_MAIN,WH_MAIN,2024-11-16 17:00:00,2024-11-17 04:00:00
1881,WH_SUB,K4,2024-11-17 04:00:00,2024-11-19 05:00:00
1881,Delivery,Customer,2024-11-19 05:00:00,2024-11-22 00:00:00
1882,Receive,N/A,2024-11-20 08:00:00,2024-11-20 12:00:00
1882,WH_MAIN,WH_MAIN,2024-11-20 12:00:00,2024-11-21 03:00:00
1882,WH_SUB,K3,2024-11-21 03:00:00,2024-11-24 01:00:00
1882,Delivery,Customer,2024-11-24 01:00:00,2024-11-26 02:00:00
1883,Receive,N/A,2024-11-03 08:00:00,2024-11-03 13:00:00
1883,WH_MAIN,WH_MAIN,2024-11-03 13:00:00,2024-11-04 07:00:00
1883,WH_SUB,K3,2024-11-04 07:00:00,2024-11-07 06:00:00
1883,Delivery,Customer,2024-11-07 06:00:00,2024-11-09 08:00:00
1884,Receive,N/A,2024-11-08 08:00:00,2024-11-08 12:00:00
1884,WH_MAIN,WH_MAIN,2024-11-08 12:00:00,2024-11-09 05:00:00
1884,WH_SUB,K4,2024-11-09 05:00:00,2024-11-11 00:00:00
1884,Delivery,Customer,2024-11-11 00:00:00,2024-11-13 08:00:00
1885,Receive,N/A,2024-11-22 08:00:00,2024-11-22 16:00:00
1885,WH_MAIN,WH_MAIN,2024-11-22 16:00:00,2024-11-23 03:00:00
1885,WH_SUB,K1,2024-11-23 03:00:00,2024-11-24 21:00:00
1885,Delivery,Customer,2024-11-24 21:00:00,2024-11-28 17:00:00
1886,Receive,N/A,2024-11-26 08:00:00,2024-11-26 18:00:00
1886,WH_MAIN,WH_MAIN,2024-11-26 18:00:00,2024-11-27 03:00:00
1886,WH_SUB,K3,2024-11-27 03:00:00,2024-11-29 23:00:00
1886,Delivery,Customer,2024-11-29 23:00:00,2024-12-02 17:00:00
1887,Receive,N/A,2024-11-15 08:00:00,2024-11-15 17:00:00
1887,WH_MAIN,WH_MAIN,2024-11-15 17:00:00,2024-11-16 08:00:00
1887,WH_SUB,K2,2024-11-16 08:00:00,2024-11-18 09:00:00
1887,Delivery,Customer,2024-11-18 09:00:00,2024-11-21 10:00:00
1888,Receive,N/A,2024-11-30 08:00:00,2024-11-30 16:00:00
1888,WH_MAIN,WH_MAIN,2024-11-30 16:00:00,2024-12-01 09:00:00
1888,WH_SUB,K1,2024-12-01 09:00:00,2024-12-03 04:00:00
1888,Delivery,Customer,2024-12-03 04:00:00,2024-12-07 03:00:00
1889,Receive,N/A,2024-11-13 08:00:00,2024-11-13 16:00:00
1890,Receive,N/A,2024-11-18 08:00:00,2024-11-18 16:00:00
1890,WH_MAIN,WH_MAIN,2024-11-18 16:00:00,2024-11-19 07:00:00
1890,WH_SUB,K2,2024-11-19 07:00:00,2024-11-21 09:00:00
1891,Receive,N/A,2024-11-21 08:00:00,2024-11-21 11:00:00
1891,WH_MAIN,WH_MAIN,2024-11-21 11:00:00,2024-11-21 22:00:00
1891,WH_SUB,K2,2024-11-21 22:00:00,2024-11-24 11:00:00
1891,Delivery,Customer,2024-11-24 11:00:00,2024-11-27 14:00:00
1892,Receive,N/A,2024-11-05 08:00:00,2024-11-05 10:00:00
1893,Receive,N/A,2024-11-15 08:00:00,2024-11-15 17:00:00
1893,WH_MAIN,WH_MAIN,2024-11-15 17:00:00,2024-11-16 04:00:00
1893,WH_SUB,K2,2024-11-16 04:00:00,2024-11-19 02:00:00
1893,Delivery,Customer,2024-11-19 02:00:00,2024-11-21 12:00:00
1894,Receive,N/A,2024-11-27 08:00:00,2024-11-27 16:00:00
1894,WH_MAIN,WH_MAIN,2024-11-27 16:00:00,2024-11-28 06:00:00
1894,WH_SUB,K3,2024-11-28 06:00:00,2024-11-29 17:00:00
1894,Delivery,Customer,2024-11-29 17:00:00,2024-12-03 14:00:00
1895,Receive,N/A,2024-11-03 08:00:00,2024-11-03 12:00:00
1895,WH_MAIN,WH_MAIN,2024-11-03 12:00:00,2024-11-03 22:00:00
1895,WH_SUB,K4,2024-11-03 22:00:00,2024-11-05 13:00:00
1895,Delivery,Customer,2024-11-05 13:00:00,2024-11-08 13:00:00
1896,Receive,N/A,2024-11-29 08:00:00,2024-11-29 15:00:00
1896,WH_MAIN,WH_MAIN,2024-11-29 15:00:00,2024-11-30 00:00:00
1896,WH_SUB,K2,2024-11-30 00:00:00,2024-12-01 03:00:00
1896,Delivery,Customer,2024-12-01 03:00:00,2024-12-05 03:00:00
1897,Receive,N/A,2024-11-29 08:00:00,2024-11-29 16:00:00
1897,WH_MAIN,WH_MAIN,2024-11-29 16:00:00,2024-11-30 08:00:00
1897,WH_SUB,K1,2024-11-30 08:00:00,2024-12-02 11:00:00
1898,Receive,N/A,2024-11-03 08:00:00,2024-11-03 16:00:00
1898,WH_MAIN,WH_MAIN,2024-11-03 16:00:00,2024-11-03 23:00:00
1898,WH_SUB,K3,2024-11-03 23:00:00,2024-11-06 02:00:00
1898,Delivery,Customer,2024-11-06 02:00:00,2024-11-09 03:00:00
1899,Receive,N/A,2024-11-21 08:00:00,2024-11-21 18:00:00
1899,WH_MAIN,WH_MAIN,2024-11-21 18:00:00,2024-11-22 02:00:00
1899,WH_SUB,K1,2024-11-22 02:00:00,2024-11-24 10:00:00
1899,Delivery,Customer,2024-11-24 10:00:00,2024-11-26 23:00:00
1900,Receive,N/A,2024-11-18 08:00:00,2024-11-18 12:00:00
1900,WH_MAIN,WH_MAIN,2024-11-18 12:00:00,2024-11-18 18:00:00
1900,WH_SUB,K3,2024-11-18 18:00:00,2024-11-20 09:00:00
1900,Delivery,Customer,2024-11-20 09:00:00,2024-11-23 13:00:00
1901,Receive,N/A,2024-11-15 08:00:00,2024-11-15 17:00:00
1902,Receive,N/A,2024-11-03 08:00:00,2024-11-03 15:00:00
1902,WH_MAIN,WH_MAIN,2024-11-03 15:00:00,2024-11-04 01:00:00
1902,WH_SUB,K2,2024-11-04 01:00:00,2024-11-06 14:00:00
1902,Delivery,Customer,2024-11-06 14:00:00,2024-11-09 14:00:00
1903,Receive,N/A,2024-11-09 08:00:00,2024-11-09 16:00:00
1903,WH_MAIN,WH_MAIN,2024-11-09 16:00:00,2024-11-09 23:00:00
1903,WH_SUB,K2,2024-11-09 23:00:00,2024-11-12 23:00:00
1903,Delivery,Customer,2024-11-12 23:00:00,2024-11-15 08:00:00
1904,Receive,N/A,2024-11-28 08:00:00,2024-11-28 18:00:00
1904,WH_MAIN,WH_MAIN,2024-11-28 18:00:00,2024-11-29 12:00:00
1904,WH_SUB,K2,2024-11-29 12:00:00,2024-12-02 01:00:00
1904,Delivery,Customer,2024-12-02 01:00:00,2024-12-05 09:00:00
1905,Receive,N/A,2024-11-07 08:00:00,2024-11-07 10:00:00
1905,WH_MAIN,WH_MAIN,2024-11-07 10:00:00,2024-11-08 03:00:00
1905,WH_SUB,K4,2024-11-08 03:00:00,2024-11-10 12:00:00
1905,Delivery,Customer,2024-11-10 12:00:00,2024-11-12 15:00:00
1906,Receive,N/A,2024-11-26 08:00:00,2024-11-26 15:00:00
1906,WH_MAIN,WH_MAIN,2024-11-26 15:00:00,2024-11-26 21:00:00
1906,WH_SUB,K3,2024-11-26 21:00:00,2024-11-29 02:00:00
1906,Delivery,Customer,2024-11-29 02:00:00,2024-12-02 12:00:00
1907,Receive,N/A,2024-11-02 08:00:00,2024-11-02 17:00:00
1907,WH_MAIN,WH_MAIN,2024-11-02 17:00:00,2024-11-03 01:00:00
1907,WH_SUB,K4,2024-11-03 01:00:00,2024-11-05 12:00:00
1907,Delivery,Customer,2024-11-05 12:00:00,2024-11-09 06:00:00
1908,Receive,N/A,2024-11-16 08:00:00,2024-11-16 18:00:00
1908,WH_MAIN,WH_MAIN,2024-11-16 18:00:00,2024-11-17 11:00:00
1908,WH_SUB,K3,2024-11-17 11:00:00,2024-11-19 15:00:00
1908,Delivery,Customer,2024-11-19 15:00:00,2024-11-23 13:00:00
1909,Receive,N/A,2024-11-15 08:00:00,2024-11-15 13:00:00
1909,WH_MAIN,WH_MAIN,2024-11-15 13:00:00,2024-11-16 01:00:00
1909,WH_SUB,K4,2024-11-16 01:00:00,2024-11-18 22:00:00
1909,Delivery,Customer,2024-11-18 22:00:00,2024-11-22 12:00:00
1910,Receive,N/A,2024-11-25 08:00:00,2024-11-25 18:00:00
1910,WH_MAIN,WH_MAIN,2024-11-25 18:00:00,2024-11-26 05:00:00
1910,WH_SUB,K2,2024-11-26 05:00:00,2024-11-27 15:00:00
1910,Delivery,Customer,2024-11-27 15:00:00,2024-11-30 02:00:00
1911,Receive,N/A,2024-11-25 08:00:00,2024-11-25 13:00:00
1911,WH_MAIN,WH_MAIN,2024-11-25 13:00:00,2024-11-25 23:00:00
1911,WH_SUB,K3,2024-11-25 23:00:00,2024-11-27 05:00:00
1911,Delivery,Customer,2024-11-27 05:00:00,2024-11-30 06:00:00
1912,Receive,N/A,2024-11-18 08:00:00,2024-11-18 16:00:00
1912,WH_MAIN,WH_MAIN,2024-11-18 16:00:00,2024-11-19 03:00:00
1912,WH_SUB,K1,2024-11-19 03:00:00,2024-11-20 08:00:00
1912,Delivery,Customer,2024-11-20 08:00:00,2024-11-23 07:00:00
1913,Receive,N/A,2024-11-06 08:00:00,2024-11-06 15:00:00
1913,WH_MAIN,WH_MAIN,2024-11-06 15:00:00,2024-11-06 22:00:00
1913,WH_SUB,K1,2024-11-06 22:00:00,2024-11-09 04:00:00
1914,Receive,N/A,2024-11-25 08:00:00,2024-11-25 18:00:00
1914,WH_MAIN,WH_MAIN,2024-11-25 18:00:00,2024-11-26 09:00:00
1914,WH_SUB,K2,2024-11-26 09:00:00,2024-11-28 21:00:00
1914,Delivery,Customer,2024-11-28 21:00:00,2024-12-02 02:00:00
1915,Receive,N/A,2024-11-08 08:00:00,2024-11-08 16:00:00
1916,Receive,N/A,2024-11-17 08:00:00,2024-11-17 14:00:00
1916,WH_MAIN,WH_MAIN,2024-11-17 14:00:00,2024-11-18 08:00:00
1916,WH_SUB,K2,2024-11-18 08:00:00,2024-11-20 16:00:00
1916,Delivery,Customer,2024-11-20 16:00:00,2024-11-23 06:00:00
1917,Receive,N/A,2024-11-26 08:00:00,2024-11-26 11:00:00
1917,WH_MAIN,WH_MAIN,2024-11-26 11:00:00,2024-11-26 21:00:00
1917,WH_SUB,K2,2024-11-26 21:00:00,2024-11-29 16:00:00
1917,Delivery,Customer,2024-11-29 16:00:00,2024-12-01 18:00:00
1918,Receive,N/A,2024-12-13 08:00:00,2024-12-13 16:00:00
1918,WH_MAIN,WH_MAIN,2024-12-13 16:00:00,2024-12-14 09:00:00
1918,WH_SUB,K2,2024-12-14 09:00:00,2024-12-16 21:00:00
1918,Delivery,Customer,2024-12-16 21:00:00,2024-12-20 16:00:00
1919,Receive,N/A,2024-12-12 08:00:00,2024-12-12 13:00:00
1919,WH_MAIN,WH_MAIN,2024-12-12 13:00:00,2024-12-12 22:00:00
1919,WH_SUB,K4,2024-12-12 22:00:00,2024-12-15 22:00:00
1919,Delivery,Customer,2024-12-15 22:00:00,2024-12-18 21:00:00
1920,Receive,N/A,2024-12-09 08:00:00,2024-12-09 15:00:00
1920,WH_MAIN,WH_MAIN,2024-12-09 15:00:00,2024-12-10 02:00:00
1920,WH_SUB,K2,2024-12-10 02:00:00,2024-12-12 19:00:00
1920,Delivery,Customer,2024-12-12 19:00:00,2024-12-15 15:00:00
1921,Receive,N/A,2024-12-21 08:00:00,2024-12-21 16:00:00
1921,WH_MAIN,WH_MAIN,2024-12-21 16:00:00,2024-12-22 04:00:00
1921,WH_SUB,K4,2024-12-22 04:00:00,2024-12-24 11:00:00
1921,Delivery,Customer,2024-12-24 11:00:00,2024-12-28 11:00:00
1922,Receive,N/A,2024-12-04 08:00:00,2024-12-04 18:00:00
1922,WH_MAIN,WH_MAIN,2024-12-04 18:00:00,2024-12-05 05:00:00
1922,WH_SUB,K3,2024-12-05 05:00:00,2024-12-07 12:00:00
1922,Delivery,Customer,2024-12-07 12:00:00,2024-12-09 16:00:00
1923,Receive,N/A,2024-12-28 08:00:00,2024-12-28 14:00:00
1923,WH_MAIN,WH_MAIN,2024-12-28 14:00:00,2024-12-29 05:00:00
1923,WH_SUB,K2,2024-12-29 05:00:00,2024-12-31 19:00:00
1923,Delivery,Customer,2024-12-31 19:00:00,2025-01-03 01:00:00
1924,Receive,N/A,2024-12-26 08:00:00,2024-12-26 12:00:00
1924,WH_MAIN,WH_MAIN,2024-12-26 12:00:00,2024-12-27 05:00:00
1924,WH_SUB,K2,2024-12-27 05:00:00,2024-12-29 09:00:00
1924,Delivery,Customer,2024-12-29 09:00:00,2024-12-31 14:00:00
1925,Receive,N/A,2024-12-12 08:00:00,2024-12-12 15:00:00
1925,WH_MAIN,WH_MAIN,2024-12-12 15:00:00,2024-12-12 23:00:00
1925,WH_SUB,K3,2024-12-12 23:00:00,2024-12-14 06:00:00
1925,Delivery,Customer,2024-12-14 06:00:00,2024-12-17 01:00:00
1926,Receive,N/A,2024-12-02 08:00:00,2024-12-02 13:00:00
1926,WH_MAIN,WH_MAIN,2024-12-02 13:00:00,2024-12-02 21:00:00
1926,WH_SUB,K1,2024-12-02 21:00:00,2024-12-04 04:00:00
1926,Delivery,Customer,2024-12-04 04:00:00,2024-12-06 16:00:00
1927,Receive,N/A,2024-12-26 08:00:00,2024-12-26 12:00:00
1927,WH_MAIN,WH_MAIN,2024-12-26 12:00:00,2024-12-27 05:00:00
1927,WH_SUB,K2,2024-12-27 05:00:00,2024-12-28 17:00:00
1927,Delivery,Customer,2024-12-28 17:00:00,2024-12-30 23:00:00
1928,Receive,N/A,2024-12-02 08:00:00,2024-12-02 16:00:00
1928,WH_MAIN,WH_MAIN,2024-12-02 16:00:00,2024-12-03 06:00:00
1928,WH_SUB,K2,2024-12-03 06:00:00,2024-12-05 05:00:00
1928,Delivery,Customer,2024-12-05 05:00:00,2024-12-09 00:00:00
1929,Receive,N/A,2024-12-24 08:00:00,2024-12-24 10:00:00
1929,WH_MAIN,WH_MAIN,2024-12-24 10:00:00,2024-12-24 23:00:00
1929,WH_SUB,K3,2024-12-24 23:00:00,2024-12-27 23:00:00
1929,Delivery,Customer,2024-12-27 23:00:00,2024-12-30 10:00:00
1930,Receive,N/A,2024-12-27 08:00:00,2024-12-27 18:00:00
1930,WH_MAIN,WH_MAIN,2024-12-27 18:00:00,2024-12-28 09:00:00
1930,WH_SUB,K2,2024-12-28 09:00:00,2024-12-31 08:00:00
1930,Delivery,Customer,2024-12-31 08:00:00,2025-01-03 19:00:00
1931,Receive,N/A,2024-12-01 08:00:00,2024-12-01 18:00:00
1931,WH_MAIN,WH_MAIN,2024-12-01 18:00:00,2024-12-02 05:00:00
1931,WH_SUB,K2,2024-12-02 05:00:00,2024-12-05 03:00:00
1931,Delivery,Customer,2024-12-05 03:00:00,2024-12-08 03:00:00
1932,Receive,N/A,2024-12-04 08:00:00,2024-12-04 11:00:00
1932,WH_MAIN,WH_MAIN,2024-12-04 11:00:00,2024-12-05 03:00:00
1932,WH_SUB,K2,2024-12-05 03:00:00,2024-12-07 06:00:00
1932,Delivery,Customer,2024-12-07 06:00:00,2024-12-10 09:00:00
1933,Receive,N/A,2024-12-24 08:00:00,2024-12-24 12:00:00
1933,WH_MAIN,WH_MAIN,2024-12-24 12:00:00,2024-12-25 02:00:00
1933,WH_SUB,K1,2024-12-25 02:00:00,2024-12-27 17:00:00
1933,Delivery,Customer,2024-12-27 17:00:00,2024-12-30 20:00:00
1934,Receive,N/A,2024-12-22 08:00:00,2024-12-22 10:00:00
1934,WH_MAIN,WH_MAIN,2024-12-22 10:00:00,2024-12-23 00:00:00
1934,WH_SUB,K1,2024-12-23 00:00:00,2024-12-25 09:00:00
1934,Delivery,Customer,2024-12-25 09:00:00,2024-12-28 10:00:00
1935,Receive,N/A,2024-12-09 08:00:00,2024-12-09 17:00:00
1935,WH_MAIN,WH_MAIN,2024-12-09 17:00:00,2024-12-10 06:00:00
1935,WH_SUB,K4,2024-12-10 06:00:00,2024-12-12 20:00:00
1935,Delivery,Customer,2024-12-12 20:00:00,2024-12-15 08:00:00
1936,Receive,N/A,2024-12-04 08:00:00,2024-12-04 14:00:00
1936,WH_MAIN,WH_MAIN,2024-12-04 14:00:00,2024-12-05 01:00:00
1936,WH_SUB,K1,2024-12-05 01:00:00,2024-12-06 18:00:00
1936,Delivery,Customer,2024-12-06 18:00:00,2024-12-08 19:00:00
1937,Receive,N/A,2024-12-25 08:00:00,2024-12-25 16:00:00
1937,WH_MAIN,WH_MAIN,2024-12-25 16:00:00,2024-12-26 09:00:00
1937,WH_SUB,K4,2024-12-26 09:00:00,2024-12-29 07:00:00
1937,Delivery,Customer,2024-12-29 07:00:00,2025-01-02 05:00:00
1938,Receive,N/A,2024-12-16 08:00:00,2024-12-16 18:00:00
1938,WH_MAIN,WH_MAIN,2024-12-16 18:00:00,2024-12-17 02:00:00
1938,WH_SUB,K4,2024-12-17 02:00:00,2024-12-19 12:00:00
1938,Delivery,Customer,2024-12-19 12:00:00,2024-12-22 13:00:00
1939,Receive,N/A,2024-12-12 08:00:00,2024-12-12 15:00:00
1939,WH_MAIN,WH_MAIN,2024-12-12 15:00:00,2024-12-13 04:00:00
1939,WH_SUB,K2,2024-12-13 04:00:00,2024-12-15 20:00:00
1939,Delivery,Customer,2024-12-15 20:00:00,2024-12-19 14:00:00
1940,Receive,N/A,2024-12-03 08:00:00,2024-12-03 16:00:00
1940,WH_MAIN,WH_MAIN,2024-12-03 16:00:00,2024-12-04 05:00:00
1940,WH_SUB,K2,2024-12-04 05:00:00,2024-12-05 23:00:00
1940,Delivery,Customer,2024-12-05 23:00:00,2024-12-09 02:00:00
1941,Receive,N/A,2024-12-31 08:00:00,2024-12-31 10:00:00
1941,WH_MAIN,WH_MAIN,2024-12-31 10:00:00,2025-01-01 02:00:00
1941,WH_SUB,K1,2025-01-01 02:00:00,2025-01-04 02:00:00
1942,Receive,N/A,2024-12-03 08:00:00,2024-12-03 12:00:00
1942,WH_MAIN,WH_MAIN,2024-12-03 12:00:00,2024-12-03 20:00:00
1942,WH_SUB,K2,2024-12-03 20:00:00,2024-12-06 11:00:00
1942,Delivery,Customer,2024-12-06 11:00:00,2024-12-08 23:00:00
1943,Receive,N/A,2024-12-07 08:00:00,2024-12-07 16:00:00
1943,WH_MAIN,WH_MAIN,2024-12-07 16:00:00,2024-12-08 03:00:00
1943,WH_SUB,K1,2024-12-08 03:00:00,2024-12-09 18:00:00
1943,Delivery,Customer,2024-12-09 18:00:00,2024-12-13 04:00:00
1944,Receive,N/A,2024-12-31 08:00:00,2024-12-31 17:00:00
1944,WH_MAIN,WH_MAIN,2024-12-31 17:00:00,2025-01-01 05:00:00
1944,WH_SUB,K2,2025-01-01 05:00:00,2025-01-03 01:00:00
1944,Delivery,Customer,2025-01-03 01:00:00,2025-01-05 21:00:00
1945,Receive,N/A,2024-12-02 08:00:00,2024-12-02 18:00:00
1945,WH_MAIN,WH_MAIN,2024-12-02 18:00:00,2024-12-03 05:00:00
1945,WH_SUB,K3,2024-12-03 05:00:00,2024-12-05 03:00:00
1945,Delivery,Customer,2024-12-05 03:00:00,2024-12-08 01:00:00
1946,Receive,N/A,2024-12-03 08:00:00,2024-12-03 11:00:00
1946,WH_MAIN,WH_MAIN,2024-12-03 11:00:00,2024-12-03 17:00:00
1946,WH_SUB,K2,2024-12-03 17:00:00,2024-12-05 13:00:00
1946,Delivery,Customer,2024-12-05 13:00:00,2024-12-08 11:00:00
1947,Receive,N/A,2024-12-03 08:00:00,2024-12-03 11:00:00
1947,WH_MAIN,WH_MAIN,2024-12-03 11:00:00,2024-12-04 00:00:00
1947,WH_SUB,K2,2024-12-04 00:00:00,2024-12-06 17:00:00
1947,Delivery,Customer,2024-12-06 17:00:00,2024-12-10 16:00:00
1948,Receive,N/A,2024-12-09 08:00:00,2024-12-09 13:00:00
1948,WH_MAIN,WH_MAIN,2024-12-09 13:00:00,2024-12-10 05:00:00
1948,WH_SUB,K2,2024-12-10 05:00:00,2024-12-11 13:00:00
1948,Delivery,Customer,2024-12-11 13:00:00,2024-12-14 19:00:00
1949,Receive,N/A,2024-12-20 08:00:00,2024-12-20 14:00:00
1949,WH_MAIN,WH_MAIN,2024-12-20 14:00:00,2024-12-21 08:00:00
1949,WH_SUB,K2,2024-12-21 08:00:00,2024-12-22 20:00:00
1949,Delivery,Customer,2024-12-22 20:00:00,2024-12-25 15:00:00
1950,Receive,N/A,2024-12-30 08:00:00,2024-12-30 14:00:00
1950,WH_MAIN,WH_MAIN,2024-12-30 14:00:00,2024-12-31 07:00:00
1950,WH_SUB,K1,2024-12-31 07:00:00,2025-01-02 10:00:00
1950,Delivery,Customer,2025-01-02 10:00:00,2025-01-05 10:00:00
1951,Receive,N/A,2024-12-17 08:00:00,2024-12-17 11:00:00
1951,WH_MAIN,WH_MAIN,2024-12-17 11:00:00,2024-12-18 03:00:00
1951,WH_SUB,K2,2024-12-18 03:00:00,2024-12-20 16:00:00
1951,Delivery,Customer,2024-12-20 16:00:00,2024-12-23 02:00:00
1952,Receive,N/A,2024-12-14 08:00:00,2024-12-14 11:00:00
1952,WH_MAIN,WH_MAIN,2024-12-14 11:00:00,2024-12-14 23:00:00
1952,WH_SUB,K1,2024-12-14 23:00:00,2024-12-17 09:00:00
1952,Delivery,Customer,2024-12-17 09:00:00,2024-12-20 03:00:00
1953,Receive,N/A,2024-12-06 08:00:00,2024-12-06 11:00:00
1953,WH_MAIN,WH_MAIN,2024-12-06 11:00:00,2024-12-06 20:00:00
1953,WH_SUB,K4,2024-12-06 20:00:00,2024-12-08 19:00:00
1953,Delivery,Customer,2024-12-08 19:00:00,2024-12-10 19:00:00
1954,Receive,N/A,2024-12-21 08:00:00,2024-12-21 13:00:00
1954,WH_MAIN,WH_MAIN,2024-12-21 13:00:00,2024-12-21 19:00:00
1954,WH_SUB,K4,2024-12-21 19:00:00,2024-12-24 13:00:00
1954,Delivery,Customer,2024-12-24 13:00:00,2024-12-27 04:00:00
1955,Receive,N/A,2024-12-03 08:00:00,2024-12-03 11:00:00
1955,WH_MAIN,WH_MAIN,2024-12-03 11:00:00,2024-12-03 23:00:00
1955,WH_SUB,K3,2024-12-03 23:00:00,2024-12-05 23:00:00
1955,Delivery,Customer,2024-12-05 23:00:00,2024-12-08 07:00:00
1956,Receive,N/A,2024-12-01 08:00:00,2024-12-01 10:00:00
1956,WH_MAIN,WH_MAIN,2024-12-01 10:00:00,2024-12-01 16:00:00
1956,WH_SUB,K1,2024-12-01 16:00:00,2024-12-04 01:00:00
1956,Delivery,Customer,2024-12-04 01:00:00,2024-12-07 16:00:00
1957,Receive,N/A,2024-12-14 08:00:00,2024-12-14 16:00:00
1957,WH_MAIN,WH_MAIN,2024-12-14 16:00:00,2024-12-15 06:00:00
1957,WH_SUB,K2,2024-12-15 06:00:00,2024-12-18 02:00:00
1957,Delivery,Customer,2024-12-18 02:00:00,2024-12-20 07:00:00
1958,Receive,N/A,2024-12-10 08:00:00,2024-12-10 18:00:00
1958,WH_MAIN,WH_MAIN,2024-12-10 18:00:00,2024-12-11 06:00:00
1958,WH_SUB,K3,2024-12-11 06:00:00,2024-12-13 23:00:00
1958,Delivery,Customer,2024-12-13 23:00:00,2024-12-16 16:00:00
1959,Receive,N/A,2024-12-16 08:00:00,2024-12-16 17:00:00
1959,WH_MAIN,WH_MAIN,2024-12-16 17:00:00,2024-12-17 07:00:00
1959,WH_SUB,K1,2024-12-17 07:00:00,2024-12-19 13:00:00
1959,Delivery,Customer,2024-12-19 13:00:00,2024-12-23 04:00:00
1960,Receive,N/A,2024-12-05 08:00:00,2024-12-05 18:00:00
1960,WH_MAIN,WH_MAIN,2024-12-05 18:00:00,2024-12-06 09:00:00
1960,WH_SUB,K4,2024-12-06 09:00:00,2024-12-07 12:00:00
1960,Delivery,Customer,2024-12-07 12:00:00,2024-12-10 02:00:00
1961,Receive,N/A,2024-12-01 08:00:00,2024-12-01 12:00:00
1961,WH_MAIN,WH_MAIN,2024-12-01 12:00:00,2024-12-01 22:00:00
1961,WH_SUB,K2,2024-12-01 22:00:00,2024-12-03 02:00:00
1961,Delivery,Customer,2024-12-03 02:00:00,2024-12-05 19:00:00
1962,Receive,N/A,2024-12-15 08:00:00,2024-12-15 11:00:00
1962,WH_MAIN,WH_MAIN,2024-12-15 11:00:00,2024-12-15 20:00:00
1962,WH_SUB,K2,2024-12-15 20:00:00,2024-12-18 16:00:00
1962,Delivery,Customer,2024-12-18 16:00:00,2024-12-21 22:00:00
1963,Receive,N/A,2024-12-06 08:00:00,2024-12-06 18:00:00
1963,WH_MAIN,WH_MAIN,2024-12-06 18:00:00,2024-12-07 08:00:00
1963,WH_SUB,K2,2024-12-07 08:00:00,2024-12-08 18:00:00
1963,Delivery,Customer,2024-12-08 18:00:00,2024-12-12 11:00:00
1964,Receive,N/A,2024-12-04 08:00:00,2024-12-04 13:00:00
1964,WH_MAIN,WH_MAIN,2024-12-04 13:00:00,2024-12-05 06:00:00
1964,WH_SUB,K3,2024-12-05 06:00:00,2024-12-07 18:00:00
1964,Delivery,Customer,2024-12-07 18:00:00,2024-12-10 02:00:00
1965,Receive,N/A,2024-12-13 08:00:00,2024-12-13 13:00:00
1965,WH_MAIN,WH_MAIN,2024-12-13 13:00:00,2024-12-14 00:00:00
1965,WH_SUB,K3,2024-12-14 00:00:00,2024-12-15 22:00:00
1965,Delivery,Customer,2024-12-15 22:00:00,2024-12-19 12:00:00
1966,Receive,N/A,2024-12-14 08:00:00,2024-12-14 14:00:00
1966,WH_MAIN,WH_MAIN,2024-12-14 14:00:00,2024-12-15 05:00:00
1966,WH_SUB,K1,2024-12-15 05:00:00,2024-12-16 09:00:00
1966,Delivery,Customer,2024-12-16 09:00:00,2024-12-19 09:00:00
1967,Receive,N/A,2024-12-24 08:00:00,2024-12-24 11:00:00
1967,WH_MAIN,WH_MAIN,2024-12-24 11:00:00,2024-12-24 23:00:00
1967,WH_SUB,K1,2024-12-24 23:00:00,2024-12-26 15:00:00
1967,Delivery,Customer,2024-12-26 15:00:00,2024-12-29 15:00:00
1968,Receive,N/A,2024-12-05 08:00:00,2024-12-05 16:00:00
1968,WH_MAIN,WH_MAIN,2024-12-05 16:00:00,2024-12-06 04:00:00
1968,WH_SUB,K4,2024-12-06 04:00:00,2024-12-07 09:00:00
1968,Delivery,Customer,2024-12-07 09:00:00,2024-12-10 19:00:00
1969,Receive,N/A,2024-12-07 08:00:00,2024-12-07 11:00:00
1969,WH_MAIN,WH_MAIN,2024-12-07 11:00:00,2024-12-07 20:00:00
1969,WH_SUB,K2,2024-12-07 20:00:00,2024-12-09 00:00:00
1969,Delivery,Customer,2024-12-09 00:00:00,2024-12-11 18:00:00
1970,Receive,N/A,2024-12-14 08:00:00,2024-12-14 17:00:00
1970,WH_MAIN,WH_MAIN,2024-12-14 17:00:00,2024-12-15 07:00:00
1970,WH_SUB,K2,2024-12-15 07:00:00,2024-12-18 02:00:00
1970,Delivery,Customer,2024-12-18 02:00:00,2024-12-20 15:00:00
1971,Receive,N/A,2024-12-18 08:00:00,2024-12-18 10:00:00
1971,WH_MAIN,WH_MAIN,2024-12-18 10:00:00,2024-12-18 19:00:00
1971,WH_SUB,K2,2024-12-18 19:00:00,2024-12-20 01:00:00
1971,Delivery,Customer,2024-12-20 01:00:00,2024-12-24 01:00:00
1972,Receive,N/A,2024-12-25 08:00:00,2024-12-25 18:00:00
1972,WH_MAIN,WH_MAIN,2024-12-25 18:00:00,2024-12-26 05:00:00
1972,WH_SUB,K4,2024-12-26 05:00:00,2024-12-27 12:00:00
1972,Delivery,Customer,2024-12-27 12:00:00,2024-12-30 03:00:00
1973,Receive,N/A,2024-12-22 08:00:00,2024-12-22 13:00:00
1973,WH_MAIN,WH_MAIN,2024-12-22 13:00:00,2024-12-22 19:00:00
1973,WH_SUB,K2,2024-12-22 19:00:00,2024-12-25 15:00:00
1973,Delivery,Customer,2024-12-25 15:00:00,2024-12-28 17:00:00
1974,Receive,N/A,2024-12-09 08:00:00,2024-12-09 11:00:00
1974,WH_MAIN,WH_MAIN,2024-12-09 11:00:00,2024-12-09 22:00:00
1974,WH_SUB,K4,2024-12-09 22:00:00,2024-12-11 21:00:00
1974,Delivery,Customer,2024-12-11 21:00:00,2024-12-14 02:00:00
1975,Receive,N/A,2024-12-22 08:00:00,2024-12-22 18:00:00
1975,WH_MAIN,WH_MAIN,2024-12-22 18:00:00,2024-12-23 07:00:00
1975,WH_SUB,K1,2024-12-23 07:00:00,2024-12-24 17:00:00
1975,Delivery,Customer,2024-12-24 17:00:00,2024-12-28 02:00:00
1976,Receive,N/A,2024-12-24 08:00:00,2024-12-24 12:00:00
1976,WH_MAIN,WH_MAIN,2024-12-24 12:00:00,2024-12-25 06:00:00
1976,WH_SUB,K2,2024-12-25 06:00:00,2024-12-26 19:00:00
1976,Delivery,Customer,2024-12-26 19:00:00,2024-12-30 18:00:00
1977,Receive,N/A,2024-12-29 08:00:00,2024-12-29 14:00:00
1977,WH_MAIN,WH_MAIN,2024-12-29 14:00:00,2024-12-30 02:00:00
1977,WH_SUB,K2,2024-12-30 02:00:00,2025-01-01 07:00:00
1978,Receive,N/A,2024-12-16 08:00:00,2024-12-16 12:00:00
1978,WH_MAIN,WH_MAIN,2024-12-16 12:00:00,2024-12-16 23:00:00
1978,WH_SUB,K1,2024-12-16 23:00:00,2024-12-18 05:00:00
1978,Delivery,Customer,2024-12-18 05:00:00,2024-12-20 05:00:00
1979,Receive,N/A,2024-12-26 08:00:00,2024-12-26 17:00:00
1979,WH_MAIN,WH_MAIN,2024-12-26 17:00:00,2024-12-27 02:00:00
1979,WH_SUB,K1,2024-12-27 02:00:00,2024-12-29 12:00:00
1979,Delivery,Customer,2024-12-29 12:00:00,2025-01-02 08:00:00
1980,Receive,N/A,2024-12-14 08:00:00,2024-12-14 17:00:00
1980,WH_MAIN,WH_MAIN,2024-12-14 17:00:00,2024-12-14 23:00:00
1980,WH_SUB,K3,2024-12-14 23:00:00,2024-12-16 14:00:00
1980,Delivery,Customer,2024-12-16 14:00:00,2024-12-20 09:00:00
1981,Receive,N/A,2024-12-28 08:00:00,2024-12-28 16:00:00
1981,WH_MAIN,WH_MAIN,2024-12-28 16:00:00,2024-12-29 08:00:00
1981,WH_SUB,K2,2024-12-29 08:00:00,2024-12-31 16:00:00
1981,Delivery,Customer,2024-12-31 16:00:00,2025-01-04 03:00:00
1982,Receive,N/A,2024-12-22 08:00:00,2024-12-22 14:00:00
1982,WH_MAIN,WH_MAIN,2024-12-22 14:00:00,2024-12-22 20:00:00
1982,WH_SUB,K4,2024-12-22 20:00:00,2024-12-25 06:00:00
1982,Delivery,Customer,2024-12-25 06:00:00,2024-12-29 05:00:00
1983,Receive,N/A,2024-12-15 08:00:00,2024-12-15 12:00:00
1983,WH_MAIN,WH_MAIN,2024-12-15 12:00:00,2024-12-15 20:00:00
1983,WH_SUB,K1,2024-12-15 20:00:00,2024-12-17 09:00:00
1983,Delivery,Customer,2024-12-17 09:00:00,2024-12-20 15:00:00
1984,Receive,N/A,2024-12-11 08:00:00,2024-12-11 10:00:00
1984,WH_MAIN,WH_MAIN,2024-12-11 10:00:00,2024-12-11 19:00:00
1984,WH_SUB,K4,2024-12-11 19:00:00,2024-12-13 17:00:00
1984,Delivery,Customer,2024-12-13 17:00:00,2024-12-16 06:00:00
1985,Receive,N/A,2024-12-25 08:00:00,2024-12-25 11:00:00
1985,WH_MAIN,WH_MAIN,2024-12-25 11:00:00,2024-12-25 22:00:00
1985,WH_SUB,K1,2024-12-25 22:00:00,2024-12-28 00:00:00
1985,Delivery,Customer,2024-12-28 00:00:00,2024-12-31 11:00:00
1986,Receive,N/A,2024-12-25 08:00:00,2024-12-25 16:00:00
1986,WH_MAIN,WH_MAIN,2024-12-25 16:00:00,2024-12-26 00:00:00
1986,WH_SUB,K2,2024-12-26 00:00:00,2024-12-28 22:00:00
1986,Delivery,Customer,2024-12-28 22:00:00,2025-01-01 07:00:00
1987,Receive,N/A,2024-12-04 08:00:00,2024-12-04 17:00:00
1988,Receive,N/A,2024-12-02 08:00:00,2024-12-02 13:00:00
1988,WH_MAIN,WH_MAIN,2024-12-02 13:00:00,2024-12-02 19:00:00
1988,WH_SUB,K2,2024-12-02 19:00:00,2024-12-04 09:00:00
1988,Delivery,Customer,2024-12-04 09:00:00,2024-12-07 13:00:00
1989,Receive,N/A,2024-12-30 08:00:00,2024-12-30 11:00:00
1989,WH_MAIN,WH_MAIN,2024-12-30 11:00:00,2024-12-30 23:00:00
1989,WH_SUB,K3,2024-12-30 23:00:00,2025-01-02 03:00:00
1989,Delivery,Customer,2025-01-02 03:00:00,2025-01-05 03:00:00
1990,Receive,N/A,2024-12-07 08:00:00,2024-12-07 15:00:00
1990,WH_MAIN,WH_MAIN,2024-12-07 15:00:00,2024-12-08 07:00:00
1990,WH_SUB,K4,2024-12-08 07:00:00,2024-12-09 08:00:00
1990,Delivery,Customer,2024-12-09 08:00:00,2024-12-11 21:00:00
1991,Receive,N/A,2024-12-25 08:00:00,2024-12-25 18:00:00
1991,WH_MAIN,WH_MAIN,2024-12-25 18:00:00,2024-12-26 12:00:00
1991,WH_SUB,K2,2024-12-26 12:00:00,2024-12-28 07:00:00
1991,Delivery,Customer,2024-12-28 07:00:00,2024-12-31 04:00:00
1992,Receive,N/A,2024-12-03 08:00:00,2024-12-03 12:00:00
1992,WH_MAIN,WH_MAIN,2024-12-03 12:00:00,2024-12-03 19:00:00
1992,WH_SUB,K2,2024-12-03 19:00:00,2024-12-06 19:00:00
1992,Delivery,Customer,2024-12-06 19:00:00,2024-12-09 10:00:00
1993,Receive,N/A,2024-12-06 08:00:00,2024-12-06 16:00:00
1993,WH_MAIN,WH_MAIN,2024-12-06 16:00:00,2024-12-07 02:00:00
1993,WH_SUB,K2,2024-12-07 02:00:00,2024-12-09 16:00:00
1993,Delivery,Customer,2024-12-09 16:00:00,2024-12-11 21:00:00
1994,Receive,N/A,2024-12-18 08:00:00,2024-12-18 10:00:00
1995,Receive,N/A,2024-12-10 08:00:00,2024-12-10 14:00:00
1995,WH_MAIN,WH_MAIN,2024-12-10 14:00:00,2024-12-10 22:00:00
1995,WH_SUB,K2,2024-12-10 22:00:00,2024-12-13 14:00:00
1995,Delivery,Customer,2024-12-13 14:00:00,2024-12-15 22:00:00
1996,Receive,N/A,2024-12-22 08:00:00,2024-12-22 14:00:00
1996,WH_MAIN,WH_MAIN,2024-12-22 14:00:00,2024-12-22 21:00:00
1996,WH_SUB,K4,2024-12-22 21:00:00,2024-12-24 05:00:00
1996,Delivery,Customer,2024-12-24 05:00:00,2024-12-27 02:00:00
1997,Receive,N/A,2024-12-02 08:00:00,2024-12-02 15:00:00
1997,WH_MAIN,WH_MAIN,2024-12-02 15:00:00,2024-12-03 03:00:00
1997,WH_SUB,K3,2024-12-03 03:00:00,2024-12-05 07:00:00
1997,Delivery,Customer,2024-12-05 07:00:00,2024-12-09 04:00:00
1998,Receive,N/A,2024-12-24 08:00:00,2024-12-24 10:00:00
1998,WH_MAIN,WH_MAIN,2024-12-24 10:00:00,2024-12-24 16:00:00
1998,WH_SUB,K3,2024-12-24 16:00:00,2024-12-27 00:00:00
1998,Delivery,Customer,2024-12-27 00:00:00,2024-12-29 03:00:00
1999,Receive,N/A,2024-12-30 08:00:00,2024-12-30 13:00:00
1999,WH_MAIN,WH_MAIN,2024-12-30 13:00:00,2024-12-31 05:00:00
1999,WH_SUB,K4,2024-12-31 05:00:00,2025-01-02 23:00:00
1999,Delivery,Customer,2025-01-02 23:00:00,2025-01-06 07:00:00
2000,Receive,N/A,2024-12-24 08:00:00,2024-12-24 18:00:00
2000,WH_MAIN,WH_MAIN,2024-12-24 18:00:00,2024-12-25 11:00:00
2000,WH_SUB,K2,2024-12-25 11:00:00,2024-12-26 16:00:00
2000,Delivery,Customer,2024-12-26 16:00:00,2024-12-30 01:00:00
